Combined table using 'Open-Target'->female infertility->reproduction organs->ovary and CITDBase,,,,,,,,Blue- Mate. Orange- Anat,,,,,nan: data not available,,
https://www.targetvalidation.org,,,,,,,,,,,,,nd: not detected,,
https://www.citdbase.org/search,,CITDB,,,,OpenTarget,,,the human protein atlas:,,,,,,
Row,MouseInfertility,Druggable_CITDB,confidence_RNA,confidence_Proteome,data_set,Druggable_OpenTarget,Specificity_score_OpenTarget,data_base,ovary-protein,stroma cells,follicle,ovary-RNA,other organs/comments,AK_score,AK_score 2
AR,,0,na,na,na,1,1,OpenTarget,no,nd,nd,yes,,1,
BBS4,,0,na,na,na,0,1,OpenTarget,no,nd,nd,yes,,1,
BBS1,,0,na,na,na,0,1,OpenTarget,no,nd,nd,yes,,1,
FSHR,,0,na,na,na,1,1,OpenTarget,na,na,na,yes,,1,1
NR5A1,,0,na,na,na,0,1,OpenTarget,na,na,na,yes,,1,
NR0B1,,0,na,na,na,0,1,OpenTarget,na,na,na,yes,,1,
BBS7,,0,na,na,na,0,1,OpenTarget,no0,nd,nd,yes,,1,
FGFR1,,0,na,na,na,0,1,OpenTarget,yes,yes,nd,yes,,1,
MAGEL2,,0,na,na,na,0,1,OpenTarget,na,na,na,yes,,1,
GALT,,0,na,na,na,0,1,OpenTarget,yes,low,nd,yes,,1,
BBS5,,0,na,na,na,0,1,OpenTarget,no,nd,nd,yes,,1,
CYP19A1,,0,na,na,na,0.1,1,OpenTarget,no,nd,nd,yes,placenta,1,
GNRH1,,0,na,na,na,0,1,OpenTarget,no,nd,nd,yes,all other female tissues,1,
TTC8,,0,na,na,na,0,1,OpenTarget,nd,nd,nd,yes,,1,1
CEP290,,0,na,na,na,0,1,OpenTarget,yes,nd,low,yes,,1,
LEPR,,0,na,na,na,0,1,OpenTarget,no,nd,nd,yes,,1,
BBS9,,0,na,na,na,0,1,OpenTarget,yes,nd,med,yes,,1,
STAR,,0,na,na,na,0,1,OpenTarget,no,nd,nd,yes,very specific,1,1
DCAF17,,0,na,na,na,0,1,OpenTarget,na,na,na,yes,not specific,1,
WNT4,,0,na,na,na,0,1,OpenTarget,na,na,na,yes,specific to ovary and skin ,1,1
CYP21A2,,0,na,na,na,0,1,OpenTarget,no,nd,nd,no,,1,
HARS2,,0,na,na,na,0,1,OpenTarget,yes,med,med,yes,not specific,1,
BBS2,,0,na,na,na,0,1,OpenTarget,no,nd,nd,yes,other female tissues,1,
BBIP1,,0,na,na,na,0,1,OpenTarget,no,nd,nd,yes,other female tissues,1,
MKS1,,0,na,na,na,0,1,OpenTarget,no,nd,nd,yes,other female tissues,1,
TBX19,,0,na,na,na,0,1,OpenTarget,no,nd,nd,yes,,1,
C8orf37,,0,na,na,na,0,1,OpenTarget,yes,nd,med,yes,not specific,1,
GATA4,,0,na,na,na,0,1,OpenTarget,yes,high,nd,yes,,1,
IFT74,,0,na,na,na,0,1,OpenTarget,yes,nd,low,yes,not specific,1,
LHX4,,0,na,na,na,0,1,OpenTarget,na,na,na,yes,not specific,1,
IL17RD,,0,na,na,na,0,1,OpenTarget,yes,med,nd,yes,,1,
MEN1,,0,na,na,na,0,1,OpenTarget,nd,nd,nd,yes,"many tissues, including female. not detected in ovaries",1,
TMEM67,,0,na,na,na,0,1,OpenTarget,na,na,na,yes,male and female tissue. ovary (RNA),1,
SIGMAR1,,0,na,na,na,1,1,OpenTarget,no,nd,nd,yes,many tissues.,1,
IFT172,,0,na,na,na,0,1,OpenTarget,na,na,na,yes,male and female tissue. ovary (RNA),1,
LHCGR,,0,na,na,na,1,1,OpenTarget,na,na,na,yes,male and female. ovary(RNA),1,1
PABPC1L,,0,na,na,na,0,1,OpenTarget,na,na,na,yes,many tissues. also ovary (RNA),1,
RBM28,,0,na,na,na,0,1,OpenTarget,yes,low,med,yes,many tissues. also ovary ,1,
IL11RA,,0,na,na,na,0,1,OpenTarget,yes,low,nd,yes,many tissues,1,
IFT27,,0,na,na,na,0,1,OpenTarget,nd,nd,nd,yes,many tissues. also ovary(RNA),1,
STAG3,,0,na,na,na,0,1,OpenTarget,yes,nd,low,yes,male and female. ovary,1,1
NR2F2,,0,na,na,na,0,1,OpenTarget,na,na,na,yes,many organs. mainlt female. also ovary (RNA),1,
INSR,,0,na,na,na,0,1,OpenTarget,yes,nd,medium ,yes,many,1,1
WEE2,,0,na,na,na,0,1,OpenTarget,na,na,na,yes,low RNA in many. also ovary (RNA),1,
FLRT3,,0,na,na,na,0,1,OpenTarget,yes,nd,medium ,,many organs,1,1
SSTR3,,0,na,na,na,1,1,OpenTarget,nd,nd,nd,yes,mainly testis. ovary (RNA),1,
RNPC3,,0,na,na,na,0,1,OpenTarget,nd,nd,nd,yes,many tissues,1,
NDNF,,0,na,na,na,0,1,OpenTarget,nd,nd,nd,yes,lungs. male and female tissues,1,
ZNF596,,0,na,na,na,0,1,OpenTarget,nd,nd,nd,yes,many tissues,1,
GRIN3B,,0,na,na,na,1,1,OpenTarget,nd,nd,nd,yes,lungs and female tissue,1,
DRD4,,0,na,na,na,1,1,OpenTarget,nd,nd,nd,yes,eye,1,
FOXL2,,0,low,na,RNA,0,1,"CITDBase,OpenTarget",yes,med,med,yes,very specific.,1,1
ESR1,,0,low,na,RNA,1,1,"CITDBase,OpenTarget",no,nd,nd,yes,other female tissues,1,
ESR2,,0,low,na,RNA,1,1,"CITDBase,OpenTarget",yes,low,nd,yes,,1,
PGR,,0,low,na,RNA,1,1,"CITDBase,OpenTarget",nd,nd,nd,yes,"male and female tissue. not ovary. fallopian tube, endometrium and cervix",1,
CCDC170,,0,low,na,RNA,0,1,"CITDBase,OpenTarget",yes,nd,nd,yes,lungs. male and female tissues,1,
POLD2,,0,na,na,na,0.8149323172,0.8149323172,OpenTarget,yes,nd,high,yes,many tissues. many female tissue,1,1
POLA2,,0,na,na,na,0.8149323172,0.8149323172,OpenTarget,yes,low,nd,yes,many tissues. ovarian stroma cells,1,
SCN5A,,0,na,na,na,0.75,0.8089930556,OpenTarget,nd,nd,nd,low,mainly muacle. heart ,1,
CXorf24,0,0,na,high,Proteome,,,CITDBase,,,,,data not available ,1,
DAZL,1,1,na,high,Proteome,,,CITDBase,nd,nd,nd,nd,testis,1,
DEFB123,0,1,na,high,Proteome,,,CITDBase,nd,nd,nd,nd,testis,1,
DPEP3,0,1,na,high,Proteome,,,CITDBase,nd,nd,nd,nd,mainly testis,1,
FATE1,0,0,na,high,Proteome,,,CITDBase,nd,nd,nd,very low,mainly testis,1,
H2AFB2,0,0,na,high,Proteome,,,CITDBase,nd,nd,nd,very low,"ovary (RNA). mainly pancreas, gastro",1,
LDHAL6B,0,0,na,high,Proteome,,,CITDBase,nd,nd,nd,nd,mainly testis,1,
ROPN1B,0,0,na,high,Proteome,,,CITDBase,nan,na,na,very low,mainly testis. breast,1,
SYNGR4,0,0,na,high,Proteome,,,CITDBase,nd,nd,nd,nd,mainly testis,1,
TKTL2,0,0,na,high,Proteome,,,CITDBase,nd,nd,nd,nd,testis,1,
TUBA1B,0,1,na,high,Proteome,,,CITDBase,yes,high,high,yes,many tissues,1,1
VCY,0,0,na,high,Proteome,,,CITDBase,nd,nd,nd,nd,testis,1,
BAG5,0,0,na,na,HPA,,,CITDBase,nd,nd,nd,yes,testis,1,
C2orf50,0,0,na,na,HPA,,,CITDBase,nd,nd,nd,yes,"testis, lungs",1,
C2orf70,0,0,na,na,HPA,,,CITDBase,nd,nd,nd,yes,"testis, gastro",1,
C4orf22,0,0,na,na,HPA,,,CITDBase,nan,na,na,yes,many tissues,1,
CCDC13,0,0,na,na,HPA,,,CITDBase,nd,nd,nd,yes,male/female tissue and brain,1,
CFAP58,0,0,na,na,HPA,,,CITDBase,nd,nd,nd,yes,male/female tissue and brain,1,
CLGN,0,0,na,na,HPA,,,CITDBase,nd,nd,nd,yes,"male/female tissue, endocrine  and brain",1,
FAM71F2,0,0,na,na,HPA,,,CITDBase,yes,nd,med,yes,male/female tissue and blood,1,1
FIGLA,1,1,na,na,HPA,,,CITDBase,yes,nd,med,yes,"male/female tissue, pancreas and blood",1,1
FKBP6,0,1,na,na,HPA,,,CITDBase,yes,nd,med,nd,male/female tissue ,1,1
FSCN3,0,0,na,na,HPA,,,CITDBase,yes,nd,med,nd,male/female tissue ,1,1
GBX1,0,0,na,na,HPA,,,CITDBase,yes,nd,high,yes,"male/female tissue, brain, muscle",1,1
GDF9,1,1,na,na,HPA,,,CITDBase,yes,low,low,yes,"male/female tissue, endocrine  and brain",1,
LTBP2,0,1,na,na,HPA,,,CITDBase,yes,med,nd,yes,many tissues,1,
MARCH10,0,0,na,na,HPA,,,CITDBase,nd,nd,nd,yes,male/female tissue ,1,
MBD3L1,0,0,na,na,HPA,,,CITDBase,nd,nd,nd,yes,male/female tissue ,1,
MFAP4,0,1,na,na,HPA,,,CITDBase,yes,med,nd,yes,RNA- many tissue. Protein- just stroma cells in the ovary,1,
NLRP14,0,0,na,na,HPA,,,CITDBase,yes,nd,med,yes,male/female tissue. few more,1,1
OOEP,1,0,na,na,HPA,,,CITDBase,yes,nd,med,yes,male/female tissue. few more,1,1
PAX2,0,1,na,na,HPA,,,CITDBase,nd,nd,nd,yes,,1,
PGK2,0,1,na,na,HPA,,,CITDBase,yes,nd,med,no,male/female tissue. very specific,1,1
SALL4,0,1,na,na,HPA,,,CITDBase,yes,nd,med,yes,"male/female tissue, RNA-few more",1,
SPATS1,0,0,na,na,HPA,,,CITDBase,nd,nd,nd,yes,,1,
SPDYA,1,1,na,na,HPA,,,CITDBase,yes,nd,low,yes,male/female tissue. very specific,1,1
TDRD1,0,0,na,na,HPA,,,CITDBase,yes,nd,med,yes,male/female tissue. very specific,1,1
TRIM60,0,1,na,na,HPA,,,CITDBase,yes,nd,low,yes,male/female tissue. very specific,1,1
ZP4,0,1,na,na,HPA,,,CITDBase,yes,nd,high,yes,male/female tissue. very specific,1,1
CCDC33,0,0,mid,na,RNA,,,CITDBase,na,na,na,yes,fallopian tube,1,
KLHDC8A,0,0,mid,na,RNA,,,CITDBase,na,na,na,yes,very specific,1,1
MMP26,0,1,mid,na,RNA,,,CITDBase,na,na,na,nd,,1,
SCGB1D4,0,1,mid,na,RNA,,,CITDBase,na,na,na,yes,"many female tissue, but specific",1,1
SCGB2A1,0,1,mid,na,RNA,,,CITDBase,nd,nd,nd,yes,low in ovary RNA,1,
SLC6A3,,0,na,na,na,0.7,0.7781102669,OpenTarget,,,,,,,
SCN7A,,0,na,na,na,0.75,0.75,OpenTarget,,,,,,,
F10,,0,na,na,na,0.75,0.75,OpenTarget,,,,,,,
GRIK4,,0,na,na,na,0.7,0.7,OpenTarget,,,,,,,
ZFPM2,,0,na,na,na,0,0.50325,OpenTarget,,,,,,,
AKT3,,0,na,na,na,0,0.453545148,OpenTarget,,,,,,,
ACBD6,,0,na,na,na,0,0.4474166667,OpenTarget,,,,,,,
LEPROT,,0,na,na,na,0,0.4390833333,OpenTarget,,,,,,,
NDN,,0,na,na,na,0,0.3823339128,OpenTarget,,,,,,,
HERC2,,0,na,na,na,0,0.3742509111,OpenTarget,,,,,,,
HDAC6,,0,na,na,na,0.225,0.3509736393,OpenTarget,,,,,,,
KIT,,0,na,na,na,0.09,0.3483221823,OpenTarget,,,,,,,
BMP4,,0,na,na,na,0,0.3392194071,OpenTarget,,,,,,,
ALMS1,,0,na,na,na,0,0.3383697109,OpenTarget,,,,,,,
WT1,,0,low,mid,Proteome,0,0.3355702746,"CITDBase,OpenTarget",,,,,,,
MECP2,,0,na,na,na,0,0.3349916918,OpenTarget,,,,,,,
IFT88,,0,na,na,na,0,0.3329177046,OpenTarget,,,,,,,
BGLAP,,0,na,na,na,0,0.3321237549,OpenTarget,,,,,,,
APOE,,0,na,na,na,0,0.3288682501,OpenTarget,,,,,,,
AMHR2,,0,na,na,na,0,0.3284843326,OpenTarget,,,,,,,
PKD2,,0,na,na,na,0,0.3276512162,OpenTarget,,,,,,,
ADCY3,,0,na,na,na,0,0.3275977301,OpenTarget,,,,,,,
IRS2,,0,na,na,na,0,0.3275724859,OpenTarget,,,,,,,
ASIP,,0,na,na,na,0,0.3269895766,OpenTarget,,,,,,,
PKD1,,0,na,na,na,0,0.3269082967,OpenTarget,,,,,,,
GPC3,,0,na,na,na,0,0.3264963269,OpenTarget,,,,,,,
LHX9,,0,na,na,na,0,0.3262551449,OpenTarget,,,,,,,
THRA,,0,na,na,na,0,0.3262355454,OpenTarget,,,,,,,
IFT140,,0,na,na,na,0,0.3259453909,OpenTarget,,,,,,,
LDLR,,0,na,na,na,0,0.3258981151,OpenTarget,,,,,,,
IGF2,,0,na,na,na,0,0.3257254821,OpenTarget,,,,,,,
BICC1,,0,na,na,na,0,0.3256283458,OpenTarget,,,,,,,
TUB,,0,na,na,na,0,0.3254863142,OpenTarget,,,,,,,
ZGLP1,,0,na,na,na,0,0.3250360952,OpenTarget,,,,,,,
RAI1,,0,na,na,na,0,0.3241066349,OpenTarget,,,,,,,
CYS1,,0,na,na,na,0,0.3239196641,OpenTarget,,,,,,,
GLI3,,0,low,na,RNA,0,0.3237964612,"CITDBase,OpenTarget",,,,,,,
FGFR2,,0,na,na,na,0,0.3236409237,OpenTarget,,,,,,,
TCF7L2,,0,na,na,na,0,0.3235798611,OpenTarget,,,,,,,
NEIL1,,0,na,na,na,0,0.323458704,OpenTarget,,,,,,,
NPHP3-ACAD11,,0,na,na,na,0,0.3233065448,OpenTarget,,,,,,,
NPHP3,,0,na,na,na,0,0.3233065448,OpenTarget,,,,,,,
DNAH11,,0,na,na,na,0,0.3230844533,OpenTarget,,,,,,,
ZBTB16,,0,na,na,na,0,0.3230064612,OpenTarget,,,,,,,
PTK7,,0,na,na,na,0,0.3228160402,OpenTarget,,,,,,,
CDKN2C,,0,na,na,na,0,0.3224100839,OpenTarget,,,,,,,
TWIST1,,0,na,na,na,0,0.3222384993,OpenTarget,,,,,,,
TULP3,,0,na,mid,Proteome,0,0.3221835781,"CITDBase,OpenTarget",,,,,,,
SALL1,,0,na,na,na,0,0.3216495706,OpenTarget,,,,,,,
CDKN1C,,0,na,na,na,0,0.3212805001,OpenTarget,,,,,,,
SMARCA2,,0,na,na,na,0,0.3212465914,OpenTarget,,,,,,,
WWTR1,,0,na,na,na,0,0.3212097702,OpenTarget,,,,,,,
LMNA,,0,na,na,na,0,0.3210630206,OpenTarget,,,,,,,
PDGFRB,,0,na,na,na,0.09,0.3209696222,OpenTarget,,,,,,,
CC2D2A,,0,na,na,na,0,0.3209516948,OpenTarget,,,,,,,
CTF1,,0,na,na,na,0,0.3208835568,OpenTarget,,,,,,,
MCHR1,,0,na,na,na,0,0.3207714227,OpenTarget,,,,,,,
ARNT2,,0,na,na,na,0,0.3207554854,OpenTarget,,,,,,,
HFE,,0,na,na,na,0,0.3205865621,OpenTarget,,,,,,,
CDKN1A,,0,na,na,na,0,0.3205859956,OpenTarget,,,,,,,
TCF21,,0,na,na,na,0,0.3204434891,OpenTarget,,,,,,,
TLR5,,0,na,na,na,0,0.3203445228,OpenTarget,,,,,,,
GADD45G,,0,na,na,na,0,0.3200290251,OpenTarget,,,,,,,
GDNF,,0,na,na,na,0,0.3197384071,OpenTarget,,,,,,,
TTC26,,0,na,na,na,0,0.3196587683,OpenTarget,,,,,,,
DZIP1L,,0,na,na,na,0,0.3196186623,OpenTarget,,,,,,,
C2CD5,,0,na,na,na,0,0.3195093399,OpenTarget,,,,,,,
MAP3K4,,0,na,na,na,0,0.3193944867,OpenTarget,,,,,,,
LGR4,,0,na,na,na,0,0.3193243889,OpenTarget,,,,,,,
CDK4,,0,na,na,na,0,0.3192128566,OpenTarget,,,,,,,
CYP11A1,,0,na,na,na,0,0.3191568234,OpenTarget,,,,,,,
LRP6,,0,na,na,na,0,0.3189268594,OpenTarget,,,,,,,
CBX2,,0,na,na,na,0,0.3186801566,OpenTarget,,,,,,,
PDGFRA,,0,na,na,na,0,0.3183911599,OpenTarget,,,,,,,
BRD2,,0,na,na,na,0,0.3180835568,OpenTarget,,,,,,,
SELENOM,,0,na,na,na,0,0.3180835568,OpenTarget,,,,,,,
PLSCR3,,0,na,na,na,0,0.3180835568,OpenTarget,,,,,,,
STAT5B,,0,na,na,na,0,0.3180835568,OpenTarget,,,,,,,
PEX11A,,0,na,na,na,0,0.3180835568,OpenTarget,,,,,,,
PTPN13,,0,na,na,na,0,0.3180835568,OpenTarget,,,,,,,
TYK2,,0,na,na,na,0,0.3180835568,OpenTarget,,,,,,,
YTHDC2,,0,na,na,na,0,0.3180123188,OpenTarget,,,,,,,
CDK2,,0,na,na,na,0,0.3178796051,OpenTarget,,,,,,,
SMAD3,,0,na,na,na,0,0.3177099806,OpenTarget,,,,,,,
FAT4,,0,na,na,na,0,0.3173752129,OpenTarget,,,,,,,
TSC1,,0,na,na,na,0,0.3173752129,OpenTarget,,,,,,,
DACT1,,0,na,na,na,0,0.317165659,OpenTarget,,,,,,,
EGR1,,0,na,na,na,0,0.3171403349,OpenTarget,,,,,,,
HSD11B1,,0,na,na,na,0,0.3168352802,OpenTarget,,,,,,,
FREM2,,0,na,na,na,0,0.3166837739,OpenTarget,,,,,,,
TARDBP,,0,na,na,na,0,0.3163688634,OpenTarget,,,,,,,
PRPH2,,0,na,na,na,0,0.3162585263,OpenTarget,,,,,,,
FUZ,,0,na,na,na,0,0.3161979104,OpenTarget,,,,,,,
EIF3CL,,0,na,na,na,0,0.3160991219,OpenTarget,,,,,,,
KIF7,,0,na,na,na,0,0.3160991219,OpenTarget,,,,,,,
INTU,,0,na,na,na,0,0.3160991219,OpenTarget,,,,,,,
IFT122,,0,na,na,na,0,0.3160853915,OpenTarget,,,,,,,
CPLANE1,,0,na,na,na,0,0.3160408642,OpenTarget,,,,,,,
SCARB1,,0,na,na,na,0,0.3158536789,OpenTarget,,,,,,,
DDR2,,0,na,na,na,0,0.3158272367,OpenTarget,,,,,,,
FAS,,0,na,na,na,0,0.3150092748,OpenTarget,,,,,,,
COL1A1,,0,low,na,RNA,0,0.3147564961,"CITDBase,OpenTarget",,,,,,,
FSCN2,,0,na,na,na,0,0.3145085263,OpenTarget,,,,,,,
DYNC2H1,,0,na,na,na,0,0.3142696688,OpenTarget,,,,,,,
B9D1,,0,na,na,na,0,0.3139067777,OpenTarget,,,,,,,
SIX5,,0,na,na,na,0,0.3138684034,OpenTarget,,,,,,,
RPL38,,0,na,na,na,0,0.3138413308,OpenTarget,,,,,,,
CPLANE2,,0,na,na,na,0,0.3138413308,OpenTarget,,,,,,,
FANCL,,0,na,na,na,0,0.3137507558,OpenTarget,,,,,,,
RPGRIP1L,,0,na,na,na,0,0.3136535178,OpenTarget,,,,,,,
GLIS3,,0,na,na,na,0,0.3134550088,OpenTarget,,,,,,,
GLI2,,0,low,na,RNA,0,0.313139771,"CITDBase,OpenTarget",,,,,,,
FOXO3,,0,na,na,na,0,0.3130066048,OpenTarget,,,,,,,
TSC2,,0,na,na,na,0,0.3128399811,OpenTarget,,,,,,,
CLCN2,,0,na,na,na,0,0.3127830553,OpenTarget,,,,,,,
BMPR1B,,0,na,na,na,0,0.312529182,OpenTarget,,,,,,,
AGPAT1,,0,na,na,na,0,0.3124534577,OpenTarget,,,,,,,
CEBPB,,0,na,na,na,0,0.3121500547,OpenTarget,,,,,,,
INHA,,0,na,na,na,0,0.3121159288,OpenTarget,,,,,,,
ROR2,,0,na,na,na,0,0.3119867003,OpenTarget,,,,,,,
INVS,,0,na,na,na,0,0.3118359516,OpenTarget,,,,,,,
COL2A1,,0,na,na,na,0,0.3117940198,OpenTarget,,,,,,,
C3,,0,na,na,na,0,0.3116328157,OpenTarget,,,,,,,
DISP1,,0,na,na,na,0,0.3114018346,OpenTarget,,,,,,,
AQP11,,0,na,na,na,0,0.3112736575,OpenTarget,,,,,,,
PRICKLE1,,0,na,na,na,0,0.3112591642,OpenTarget,,,,,,,
COL4A3,,0,na,na,na,0,0.3112181019,OpenTarget,,,,,,,
WDR19,,0,na,na,na,0,0.3108286599,OpenTarget,,,,,,,
TBX6,,0,na,na,na,0,0.3106612204,OpenTarget,,,,,,,
MMP14,,0,na,na,na,0,0.3105941156,OpenTarget,,,,,,,
VANGL2,,0,na,na,na,0,0.3099535462,OpenTarget,,,,,,,
CBFA2T2,,0,na,na,na,0,0.3098297462,OpenTarget,,,,,,,
ID2,,0,na,na,na,0,0.3098264774,OpenTarget,,,,,,,
RPL24,,0,na,na,na,0,0.3093683984,OpenTarget,,,,,,,
LRP5,,0,na,na,na,0,0.3090511951,OpenTarget,,,,,,,
PRKAR2B,,0,na,na,na,0,0.3090328157,OpenTarget,,,,,,,
PEG3,,0,low,na,RNA,0,0.3090019881,"CITDBase,OpenTarget",,,,,,,
DPH1,,0,na,na,na,0,0.3080896112,OpenTarget,,,,,,,
GABBR1,,0,na,na,na,0,0.3078643339,OpenTarget,,,,,,,
ARNTL,,0,na,na,na,0,0.307433851,OpenTarget,,,,,,,
IGFBP3,,0,na,na,na,0,0.3073835625,OpenTarget,,,,,,,
FIGN,,0,na,na,na,0,0.307227271,OpenTarget,,,,,,,
SKI,,0,na,na,na,0,0.307227271,OpenTarget,,,,,,,
TCTN3,,0,na,na,na,0,0.307227271,OpenTarget,,,,,,,
QSOX1,,0,na,na,na,0,0.307227271,OpenTarget,,,,,,,
ACD,,0,na,na,na,0,0.307227271,OpenTarget,,,,,,,
PCSK5,,0,na,na,na,0,0.307227271,OpenTarget,,,,,,,
MAP3K20,,0,na,na,na,0,0.307227271,OpenTarget,,,,,,,
TMEM231,,0,low,na,RNA,0,0.307227271,"CITDBase,OpenTarget",,,,,,,
CRTAP,,0,na,na,na,0,0.3048149143,OpenTarget,,,,,,,
IFT80,,0,na,na,na,0,0.304142517,OpenTarget,,,,,,,
TAF4B,,0,na,na,na,0,0.303894195,OpenTarget,,,,,,,
INPP5E,,0,na,na,na,0,0.3037217293,OpenTarget,,,,,,,
HS6ST1,,0,na,na,na,0,0.3036326389,OpenTarget,,,,,,,
PTDSS2,,0,na,na,na,0,0.3036140471,OpenTarget,,,,,,,
CLTRN,,0,na,na,na,0,0.3021098556,OpenTarget,,,,,,,
OXTR,,0,na,na,na,0.2951033163,0.3015033163,OpenTarget,,,,,,,
ENPP1,,0,na,na,na,0,0.3014641156,OpenTarget,,,,,,,
TOB2,,0,na,na,na,0,0.3014641156,OpenTarget,,,,,,,
FHL2,,0,na,na,na,0,0.3014641156,OpenTarget,,,,,,,
EFEMP1,,0,na,na,na,0,0.3014641156,OpenTarget,,,,,,,
CNOT3,,0,na,na,na,0,0.3014641156,OpenTarget,,,,,,,
SH2B1,,0,na,na,na,0,0.3013911111,OpenTarget,,,,,,,
WDR35,,0,na,na,na,0,0.3011162511,OpenTarget,,,,,,,
LGALS3,,0,na,na,na,0,0.3006058241,OpenTarget,,,,,,,
GLIS2,,0,na,na,na,0,0.300524067,OpenTarget,,,,,,,
SYNE2,,0,na,na,na,0,0.3,OpenTarget,,,,,,,
FAH,,0,na,na,na,0,0.2997833863,OpenTarget,,,,,,,
BCAM,,0,na,na,na,0,0.2994605938,OpenTarget,,,,,,,
TCTN1,,0,na,na,na,0,0.299442517,OpenTarget,,,,,,,
TCTN2,,0,na,na,na,0,0.299442517,OpenTarget,,,,,,,
CDK20,,0,na,na,na,0,0.299442517,OpenTarget,,,,,,,
ARL3,,0,na,na,na,0,0.2988362889,OpenTarget,,,,,,,
CCNB1IP1,,0,na,na,na,0,0.2981677778,OpenTarget,,,,,,,
PTPRS,,0,na,na,na,0,0.2981116667,OpenTarget,,,,,,,
PBX1,,0,na,na,na,0,0.2979405624,OpenTarget,,,,,,,
RAB28,,0,na,na,na,0,0.2979142,OpenTarget,,,,,,,
TMEM218,,0,na,na,na,0,0.2972151722,OpenTarget,,,,,,,
WHRN,,0,na,na,na,0,0.2971289222,OpenTarget,,,,,,,
MSH5,,0,na,na,na,0,0.2970703889,OpenTarget,,,,,,,
HMOX1,,0,na,na,na,0,0.2968827664,OpenTarget,,,,,,,
TRPC1,,0,na,na,na,0,0.2965303781,OpenTarget,,,,,,,
NFIA,,0,na,na,na,0,0.2962752782,OpenTarget,,,,,,,
EPHB4,,0,na,na,na,0,0.2962362889,OpenTarget,,,,,,,
ROBO2,,0,na,na,na,0,0.2962362889,OpenTarget,,,,,,,
DCHS1,,0,na,na,na,0,0.2962362889,OpenTarget,,,,,,,
FLCN,,0,na,na,na,0,0.2962362889,OpenTarget,,,,,,,
DLG5,,0,na,na,na,0,0.2962362889,OpenTarget,,,,,,,
PTGIS,,0,na,na,na,0,0.2962362889,OpenTarget,,,,,,,
LZTS2,,0,na,na,na,0,0.2962362889,OpenTarget,,,,,,,
XYLT2,,0,na,na,na,0,0.2962362889,OpenTarget,,,,,,,
TNKS,,0,na,na,na,0,0.2955659611,OpenTarget,,,,,,,
PRLR,,0,na,na,na,0,0.2955610994,OpenTarget,,,,,,,
PRPF8,,0,na,na,na,0,0.2950142,OpenTarget,,,,,,,
PRPF3,,0,na,na,na,0,0.2950142,OpenTarget,,,,,,,
TULP1,,0,na,na,na,0,0.2950142,OpenTarget,,,,,,,
NFE2L2,,0,na,na,na,0,0.2947145751,OpenTarget,,,,,,,
LIFR,,0,na,na,na,0,0.2941505,OpenTarget,,,,,,,
WDR13,,0,na,na,na,0,0.2935680837,OpenTarget,,,,,,,
IMPDH2,,0,na,na,na,0.2935408163,0.2935408163,OpenTarget,,,,,,,
HFM1,,0,na,na,na,0,0.2927222222,OpenTarget,,,,,,,
GAS1,,0,na,na,na,0,0.2921349171,OpenTarget,,,,,,,
SUN1,,0,na,na,na,0,0.2919795222,OpenTarget,,,,,,,
MAGI2,,0,na,na,na,0,0.2918371056,OpenTarget,,,,,,,
MYO7A,,0,na,na,na,0,0.29154985,OpenTarget,,,,,,,
MERTK,,0,na,na,na,0,0.2913364222,OpenTarget,,,,,,,
PGAP1,,0,na,na,na,0,0.2913097722,OpenTarget,,,,,,,
ADRB3,,0,na,na,na,0,0.2911015222,OpenTarget,,,,,,,
MARK4,,0,na,na,na,0,0.2911015222,OpenTarget,,,,,,,
EMX2,,0,na,na,na,0,0.29050595,OpenTarget,,,,,,,
SAFB,,0,na,na,na,0,0.2901548359,OpenTarget,,,,,,,
TMEM18,,0,na,na,na,0,0.2900224193,OpenTarget,,,,,,,
MDK,,0,na,na,na,0,0.2891980556,OpenTarget,,,,,,,
ATXN2,,0,na,na,na,0,0.2877895838,OpenTarget,,,,,,,
TMPRSS9,,0,na,na,na,0,0.2877895838,OpenTarget,,,,,,,
PDGFD,,0,na,na,na,0,0.2877895838,OpenTarget,,,,,,,
THBS3,,0,na,na,na,0,0.2877895838,OpenTarget,,,,,,,
HSF2BP,,0,na,mid,Proteome,0,0.2877895838,"CITDBase,OpenTarget",,,,,,,
SLC47A1,,0,na,na,na,0,0.2877895838,OpenTarget,,,,,,,
IDUA,,0,na,na,na,0,0.286978925,OpenTarget,,,,,,,
HELQ,,0,na,na,na,0,0.2868412111,OpenTarget,,,,,,,
DNAAF4,,0,na,na,na,0,0.2847222222,OpenTarget,,,,,,,
SLC7A8,,0,na,na,na,0,0.2847222222,OpenTarget,,,,,,,
NPHP1,,0,na,na,na,0,0.2845663889,OpenTarget,,,,,,,
TMEM248,,0,na,na,na,0,0.2844897222,OpenTarget,,,,,,,
FGF10,,0,low,na,RNA,0,0.2844375,"CITDBase,OpenTarget",,,,,,,
TDRD12,,0,na,na,na,0,0.2840212111,OpenTarget,,,,,,,
RBM5,,0,na,na,na,0,0.2840212111,OpenTarget,,,,,,,
INPPL1,,0,na,na,na,0,0.2839661111,OpenTarget,,,,,,,
TWIST2,,0,na,na,na,0,0.2834498611,OpenTarget,,,,,,,
POMZP3,,0,na,na,na,0,0.2832430556,OpenTarget,,,,,,,
SLC22A5,,0,na,na,na,0,0.2830798611,OpenTarget,,,,,,,
CCNI,,0,na,na,na,0,0.2826480556,OpenTarget,,,,,,,
ACVR2B,,0,na,na,na,0,0.2822274444,OpenTarget,,,,,,,
ROBO1,,0,na,na,na,0,0.2797934722,OpenTarget,,,,,,,
ZNF521,,0,na,na,na,0,0.2791106389,OpenTarget,,,,,,,
IQCG,,0,low,na,RNA,0,0.2790847222,"CITDBase,OpenTarget",,,,,,,
SLC6A6,,0,na,na,na,0,0.2789075,OpenTarget,,,,,,,
MAPK7,,0,na,na,na,0,0.2784434722,OpenTarget,,,,,,,
RAPGEF3,,0,na,na,na,0,0.2781111259,OpenTarget,,,,,,,
RAD50,,0,na,na,na,0,0.2772836111,OpenTarget,,,,,,,
STX2,,0,na,na,na,0,0.2764458333,OpenTarget,,,,,,,
LAMA2,,0,na,na,na,0,0.2763093056,OpenTarget,,,,,,,
DVL3,,0,na,na,na,0,0.2755305556,OpenTarget,,,,,,,
CRYGD,,0,low,na,RNA,0,0.2753636476,"CITDBase,OpenTarget",,,,,,,
GPRASP2,,0,na,na,na,0,0.2752548759,OpenTarget,,,,,,,
ARX,,0,low,mid,Proteome,0,0.2751722222,"CITDBase,OpenTarget",,,,,,,
AMER1,,0,na,na,na,0,0.2749194444,OpenTarget,,,,,,,
EDC3,,0,na,na,na,0,0.2749194444,OpenTarget,,,,,,,
NR1H4,,0,na,na,na,0,0.27412485,OpenTarget,,,,,,,
PPARD,,0,na,na,na,0,0.2740111111,OpenTarget,,,,,,,
KIRREL1,,0,na,na,na,0,0.2736934722,OpenTarget,,,,,,,
H3-3B,,0,na,na,na,0,0.2736934722,OpenTarget,,,,,,,
PIWIL2,,0,na,na,na,0,0.2733236111,OpenTarget,,,,,,,
GK5,,0,na,na,na,0,0.2725536611,OpenTarget,,,,,,,
LHFPL2,,0,na,na,na,0,0.2722222222,OpenTarget,,,,,,,
AKAP12,,0,na,na,na,0,0.2722222222,OpenTarget,,,,,,,
SLC24A1,,0,na,na,na,0,0.2722222222,OpenTarget,,,,,,,
KLF15,,0,na,na,na,0,0.2718111111,OpenTarget,,,,,,,
ADRA2A,,0,na,na,na,0,0.2718111111,OpenTarget,,,,,,,
ACADL,,0,na,na,na,0,0.2718111111,OpenTarget,,,,,,,
GGA2,,0,na,na,na,0,0.2718111111,OpenTarget,,,,,,,
GGA1,,0,na,na,na,0,0.2718111111,OpenTarget,,,,,,,
H6PD,,0,na,na,na,0,0.2718088889,OpenTarget,,,,,,,
TGFB2,,0,na,na,na,0,0.2711075,OpenTarget,,,,,,,
ROM1,,0,na,na,na,0,0.27084,OpenTarget,,,,,,,
ZCWPW1,,0,na,na,na,0,0.2702855556,OpenTarget,,,,,,,
LTBP3,,0,na,na,na,0,0.2687775444,OpenTarget,,,,,,,
CHTOP,,0,na,na,na,0,0.2674411111,OpenTarget,,,,,,,
POLG2,,0,na,na,na,0,0.26734,OpenTarget,,,,,,,
PCARE,,0,na,na,na,0,0.26734,OpenTarget,,,,,,,
FAM161A,,0,na,na,na,0,0.26734,OpenTarget,,,,,,,
ATP1B2,,0,na,na,na,0,0.26734,OpenTarget,,,,,,,
IRF3,,0,na,na,na,0,0.26734,OpenTarget,,,,,,,
JUND,,0,na,na,na,0,0.2669683333,OpenTarget,,,,,,,
SPTBN4,,0,na,na,na,0,0.2664761111,OpenTarget,,,,,,,
CHGB,,0,na,na,na,0,0.2653710833,OpenTarget,,,,,,,
EPHB2,,0,na,na,na,0,0.2620620261,OpenTarget,,,,,,,
CHRM3,,0,na,na,na,0.2611111111,0.2611111111,OpenTarget,,,,,,,
SLC23A2,,0,na,na,na,0,0.2598983333,OpenTarget,,,,,,,
WNT5A,,0,na,na,na,0,0.2594716667,OpenTarget,,,,,,,
DHCR7,,0,na,na,na,0,0.2568716667,OpenTarget,,,,,,,
RFNG,,0,na,na,na,0,0.2568716667,OpenTarget,,,,,,,
HAAO,,0,na,na,na,0,0.2568716667,OpenTarget,,,,,,,
ADAMTS5,,0,na,na,na,0,0.2568716667,OpenTarget,,,,,,,
HSF4,,0,na,na,na,0,0.2566486111,OpenTarget,,,,,,,
CITED2,,0,na,na,na,0,0.2532044444,OpenTarget,,,,,,,
GATM,,0,na,na,na,0,0.2526,OpenTarget,,,,,,,
SGCD,,0,na,na,na,0,0.2519144444,OpenTarget,,,,,,,
LY6E,,0,na,na,na,0,0.2516211111,OpenTarget,,,,,,,
HSF1,,0,na,na,na,0,0.251,OpenTarget,,,,,,,
NPR1,,0,na,na,na,0,0.2503627778,OpenTarget,,,,,,,
RARA,,0,na,na,na,0,0.2503494444,OpenTarget,,,,,,,
EWSR1,,0,na,na,na,0,0.25,OpenTarget,,,,,,,
RYK,,0,na,na,na,0,0.25,OpenTarget,,,,,,,
ANTXR2,,0,na,na,na,0,0.25,OpenTarget,,,,,,,
SYCE2,,0,na,low,Proteome,0,0.25,"CITDBase,OpenTarget",,,,,,,
PSKH1,,0,na,na,na,0,0.25,OpenTarget,,,,,,,
FZD1,,0,na,na,na,0,0.25,OpenTarget,,,,,,,
DHX58,,0,na,na,na,0,0.25,OpenTarget,,,,,,,
BMF,,0,na,na,na,0,0.25,OpenTarget,,,,,,,
NISCH,,0,na,na,na,0,0.25,OpenTarget,,,,,,,
MORC2,,0,na,na,na,0,0.24901,OpenTarget,,,,,,,
PATZ1,,0,na,na,na,0,0.24901,OpenTarget,,,,,,,
MSH4,,0,na,na,na,0,0.24901,OpenTarget,,,,,,,
SMYD4,,0,na,na,na,0,0.2483211111,OpenTarget,,,,,,,
PRDX4,,0,na,na,na,0,0.2483211111,OpenTarget,,,,,,,
PHF13,,0,na,na,na,0,0.2483211111,OpenTarget,,,,,,,
UNC5C,,0,na,na,na,0,0.248185,OpenTarget,,,,,,,
SLC25A25,,0,na,na,na,0,0.248185,OpenTarget,,,,,,,
OSMR,,0,na,na,na,0,0.248185,OpenTarget,,,,,,,
CDO1,,0,na,na,na,0,0.248185,OpenTarget,,,,,,,
FFAR1,,0,na,na,na,0,0.248185,OpenTarget,,,,,,,
BCAT2,,0,na,na,na,0,0.248185,OpenTarget,,,,,,,
CCDC80,,0,na,na,na,0,0.248185,OpenTarget,,,,,,,
CPEB1,,0,na,na,na,0,0.24787,OpenTarget,,,,,,,
MAG,,0,na,na,na,0,0.24742,OpenTarget,,,,,,,
JAM3,,0,na,na,na,0,0.24731,OpenTarget,,,,,,,
ZSWIM7,,0,na,na,na,0,0.246905,OpenTarget,,,,,,,
TIAL1,,0,na,na,na,0,0.246905,OpenTarget,,,,,,,
TSHZ1,,0,na,na,na,0,0.2461,OpenTarget,,,,,,,
KIF27,,0,na,na,na,0,0.2456533333,OpenTarget,,,,,,,
NHS,,0,na,na,na,0,0.2453811111,OpenTarget,,,,,,,
SH3PXD2B,,0,na,na,na,0,0.24507,OpenTarget,,,,,,,
STIM2,,0,na,na,na,0,0.24507,OpenTarget,,,,,,,
SLC19A2,,0,na,na,na,0,0.24505,OpenTarget,,,,,,,
SCML2,,0,na,na,na,0,0.24505,OpenTarget,,,,,,,
MOV10L1,,0,na,na,na,0,0.24505,OpenTarget,,,,,,,
SYTL4,,0,na,na,na,0,0.24436,OpenTarget,,,,,,,
SOX5,,0,na,na,na,0,0.2431,OpenTarget,,,,,,,
FGFRL1,,0,na,na,na,0,0.2431,OpenTarget,,,,,,,
LTBP4,,0,na,na,na,0,0.2431,OpenTarget,,,,,,,
EFEMP2,,0,na,na,na,0,0.241035,OpenTarget,,,,,,,
PON3,,0,na,na,na,0,0.235175,OpenTarget,,,,,,,
WNK4,,0,na,na,na,0,0.234815,OpenTarget,,,,,,,
SLC39A13,,0,na,na,na,0,0.2335,OpenTarget,,,,,,,
PTCH2,,0,na,na,na,0,0.232775,OpenTarget,,,,,,,
HDAC3,,0,na,na,na,0.225,0.2319,OpenTarget,,,,,,,
LARGE1,,0,na,na,na,0,0.23135,OpenTarget,,,,,,,
FKRP,,0,na,na,na,0,0.227125,OpenTarget,,,,,,,
PXDN,,0,na,na,na,0,0.227125,OpenTarget,,,,,,,
MTUS1,,0,na,na,na,0,0.2265,OpenTarget,,,,,,,
ATRAID,,0,na,na,na,0,0.22535,OpenTarget,,,,,,,
NDUFS2,,0,na,na,na,0.2225,0.2225,OpenTarget,,,,,,,
FBN1,,0,na,na,na,0,0.2145438889,OpenTarget,,,,,,,
COMT,,0,na,na,na,0,0.211225,OpenTarget,,,,,,,
ANTXR1,,0,na,na,na,0,0.210275,OpenTarget,,,,,,,
NTF3,,0,na,na,na,0,0.2072125,OpenTarget,,,,,,,
CBS,,0,na,na,na,0,0.20675,OpenTarget,,,,,,,
AKT2,,0,na,na,na,0,0.2062,OpenTarget,,,,,,,
SPIDR,,0,na,na,na,0,0.206,OpenTarget,,,,,,,
EDA,,0,na,na,na,0,0.2046,OpenTarget,,,,,,,
POR,,0,na,na,na,0,0.2039,OpenTarget,,,,,,,
SCUBE1,,0,na,na,na,0,0.2029,OpenTarget,,,,,,,
SRC,,0,na,na,na,0,0.2026,OpenTarget,,,,,,,
CNTNAP1,,0,na,na,na,0,0.201,OpenTarget,,,,,,,
ENG,,0,na,na,na,0,0.20058,OpenTarget,,,,,,,
PCDHA10,,0,na,na,na,0,0.2,OpenTarget,,,,,,,
GNL1,,0,na,na,na,0,0.2,OpenTarget,,,,,,,
PLA2G2A,,0,na,na,na,0.2,0.2,OpenTarget,,,,,,,
IMMP2L,,0,na,na,na,0,0.2,OpenTarget,,,,,,,
GAS6,,0,na,na,na,0,0.2,OpenTarget,,,,,,,
FZD4,,0,na,na,na,0,0.2,OpenTarget,,,,,,,
RESF1,,0,na,na,na,0,0.2,OpenTarget,,,,,,,
LAMB2,,0,na,na,na,0,0.2,OpenTarget,,,,,,,
PDE7B,,0,na,na,na,0.2,0.2,OpenTarget,,,,,,,
ZRSR2,,0,na,na,na,0,0.2,OpenTarget,,,,,,,
PBX3,,0,na,na,na,0,0.2,OpenTarget,,,,,,,
PKD1L2,,0,na,na,na,0,0.2,OpenTarget,,,,,,,
STK36,,0,na,na,na,0,0.2,OpenTarget,,,,,,,
ZFP36L2,,0,na,na,na,0,0.2,OpenTarget,,,,,,,
LSM14B,,0,na,na,na,0,0.2,OpenTarget,,,,,,,
GAS2,,0,na,na,na,0,0.2,OpenTarget,,,,,,,
RABL2A,,0,na,na,na,0,0.2,OpenTarget,,,,,,,
ARNT,,0,na,na,na,0,0.2,OpenTarget,,,,,,,
MBD1,,0,na,na,na,0,0.2,OpenTarget,,,,,,,
SMARCAL1,,0,na,na,na,0,0.2,OpenTarget,,,,,,,
LPIN1,,0,na,na,na,0,0.2,OpenTarget,,,,,,,
RGS22,,0,na,na,na,0,0.2,OpenTarget,,,,,,,
SYNE1,,0,na,na,na,0,0.2,OpenTarget,,,,,,,
PDE1B,,0,na,na,na,0.2,0.2,OpenTarget,,,,,,,
KCNJ8,,0,na,na,na,0.2,0.2,OpenTarget,,,,,,,
BBOF1,,0,na,na,na,0,0.2,OpenTarget,,,,,,,
P3H1,,0,na,na,na,0,0.2,OpenTarget,,,,,,,
ECE1,,0,na,na,na,0,0.2,OpenTarget,,,,,,,
PDE10A,,0,na,na,na,0.2,0.2,OpenTarget,,,,,,,
COL12A1,,0,na,na,na,0,0.2,OpenTarget,,,,,,,
PHC1,,0,na,na,na,0,0.2,OpenTarget,,,,,,,
ADGRD1,,0,na,na,na,0,0.2,OpenTarget,,,,,,,
TNS2,,0,na,na,na,0,0.2,OpenTarget,,,,,,,
HSD17B1,,0,na,na,na,0,0.2,OpenTarget,,,,,,,
FBXO24,,0,na,na,na,0,0.2,OpenTarget,,,,,,,
PDE4C,,0,na,na,na,0.2,0.2,OpenTarget,,,,,,,
CDC25B,,0,na,na,na,0,0.2,OpenTarget,,,,,,,
NUBP2,,0,na,na,na,0,0.2,OpenTarget,,,,,,,
PDE6C,,0,na,na,na,0.2,0.2,OpenTarget,,,,,,,
B4GALT1,,0,na,na,na,0,0.2,OpenTarget,,,,,,,
RABL2B,,0,na,na,na,0,0.2,OpenTarget,,,,,,,
DAZAP1,,0,na,na,na,0,0.2,OpenTarget,,,,,,,
GPRC5A,,0,na,na,na,0,0.2,OpenTarget,,,,,,,
CFH,,0,na,na,na,0,0.2,OpenTarget,,,,,,,
CTNNB1,,0,na,na,na,0,0.1983055334,OpenTarget,,,,,,,
MMP2,,0,na,na,na,0,0.1980796444,OpenTarget,,,,,,,
CCS,,0,na,na,na,0,0.1976,OpenTarget,,,,,,,
PROX1,,0,na,na,na,0,0.19718,OpenTarget,,,,,,,
CUL7,,0,na,na,na,0,0.19718,OpenTarget,,,,,,,
CLDN11,,0,na,na,na,0,0.19704,OpenTarget,,,,,,,
NLGN3,,0,na,na,na,0,0.19662,OpenTarget,,,,,,,
RNF212,,0,na,na,na,0,0.1961324192,OpenTarget,,,,,,,
PLD6,,0,na,mid,Proteome,0,0.19604,"CITDBase,OpenTarget",,,,,,,
NUPR1,,0,na,na,na,0,0.19604,OpenTarget,,,,,,,
SLC4A2,,0,na,na,na,0,0.19604,OpenTarget,,,,,,,
NME5,,0,na,mid,Proteome,0,0.19604,"CITDBase,OpenTarget",,,,,,,
TAZ,,0,na,na,na,0,0.19604,OpenTarget,,,,,,,
SCMH1,,0,na,na,na,0,0.19604,OpenTarget,,,,,,,
NBEA,,0,na,na,na,0,0.19578,OpenTarget,,,,,,,
FAAP20,,0,na,na,na,0,0.1956,OpenTarget,,,,,,,
NGF,,0,na,na,na,0,0.1947895192,OpenTarget,,,,,,,
COL5A2,,0,na,na,na,0,0.19448,OpenTarget,,,,,,,
SULF2,,0,na,na,na,0,0.19448,OpenTarget,,,,,,,
STK40,,0,na,na,na,0,0.19448,OpenTarget,,,,,,,
ROR1,,0,na,na,na,0,0.19448,OpenTarget,,,,,,,
FBXW8,,0,na,na,na,0,0.19448,OpenTarget,,,,,,,
MN1,,0,na,na,na,0,0.19448,OpenTarget,,,,,,,
NPAS3,,0,na,na,na,0,0.19448,OpenTarget,,,,,,,
PRDM16,,0,na,na,na,0,0.19448,OpenTarget,,,,,,,
RCN3,,0,na,na,na,0,0.19448,OpenTarget,,,,,,,
MYCN,,0,na,na,na,0,0.19448,OpenTarget,,,,,,,
TSHZ3,,0,na,na,na,0,0.19448,OpenTarget,,,,,,,
GORAB,,0,na,na,na,0,0.19448,OpenTarget,,,,,,,
PLAGL1,,0,na,na,na,0,0.19448,OpenTarget,,,,,,,
MDFI,,0,na,na,na,0,0.19448,OpenTarget,,,,,,,
ZFAND5,,0,na,na,na,0,0.19448,OpenTarget,,,,,,,
FBLN1,,0,na,na,na,0,0.19448,OpenTarget,,,,,,,
PTGES3,,0,low,na,RNA,0,0.19448,"CITDBase,OpenTarget",,,,,,,
SLC18A2,,0,na,na,na,0,0.19402,OpenTarget,,,,,,,
CETN2,,0,na,na,na,0,0.19402,OpenTarget,,,,,,,
NXNL2,,0,na,na,na,0,0.19402,OpenTarget,,,,,,,
MEX3B,,0,na,na,na,0,0.19148,OpenTarget,,,,,,,
CLCN5,,0,na,na,na,0,0.1898,OpenTarget,,,,,,,
NR3C2,,0,na,na,na,0,0.1885918224,OpenTarget,,,,,,,
CLCNKA,,0,na,na,na,0,0.18832,OpenTarget,,,,,,,
NAGLU,,0,na,na,na,0,0.18708,OpenTarget,,,,,,,
CREBBP,,0,na,na,na,0,0.1865988889,OpenTarget,,,,,,,
PLCD1,,0,na,na,na,0,0.18622,OpenTarget,,,,,,,
TIMM23B-AGAP6,,0,na,na,na,0,0.18622,OpenTarget,,,,,,,
BTD,,0,na,na,na,0,0.18622,OpenTarget,,,,,,,
ZNF462,,0,na,na,na,0,0.18622,OpenTarget,,,,,,,
VLDLR,,0,na,na,na,0,0.18622,OpenTarget,,,,,,,
KSR1,,0,na,na,na,0,0.18622,OpenTarget,,,,,,,
RGN,,0,na,na,na,0,0.18622,OpenTarget,,,,,,,
ZFP36,,0,na,na,na,0,0.18622,OpenTarget,,,,,,,
CERS4,,0,na,na,na,0,0.18622,OpenTarget,,,,,,,
RNASE10,,0,na,na,na,0,0.18598,OpenTarget,,,,,,,
TMEM94,,0,na,na,na,0,0.18598,OpenTarget,,,,,,,
TPCN2,,0,na,na,na,0,0.18598,OpenTarget,,,,,,,
SLC38A10,,0,na,na,na,0,0.18598,OpenTarget,,,,,,,
FKBP9,,0,na,na,na,0,0.18598,OpenTarget,,,,,,,
HNRNPA1,,0,na,na,na,0,0.18508,OpenTarget,,,,,,,
MYH11,,0,na,na,na,0,0.18508,OpenTarget,,,,,,,
MYH10,,0,na,na,na,0,0.18508,OpenTarget,,,,,,,
MACROD1,,0,na,na,na,0,0.18498,OpenTarget,,,,,,,
ADD1,,0,na,na,na,0,0.18496,OpenTarget,,,,,,,
LCAT,,0,na,na,na,0,0.184635,OpenTarget,,,,,,,
SYCP2L,,0,na,na,na,0,0.18398,OpenTarget,,,,,,,
DISC1,,0,na,na,na,0,0.1839411111,OpenTarget,,,,,,,
PLXNB2,,0,na,na,na,0,0.1827,OpenTarget,,,,,,,
ALDH1A2,,0,na,na,na,0,0.1827,OpenTarget,,,,,,,
TCIRG1,,0,na,na,na,0,0.18112,OpenTarget,,,,,,,
SAV1,,0,na,na,na,0,0.18084,OpenTarget,,,,,,,
MAN2C1,,0,na,na,na,0,0.18084,OpenTarget,,,,,,,
CLDN15,,0,na,na,na,0,0.18084,OpenTarget,,,,,,,
NMNAT3,,0,na,na,na,0,0.18056,OpenTarget,,,,,,,
RBM20,,0,na,na,na,0,0.18028,OpenTarget,,,,,,,
TPM2,,0,na,na,na,0,0.18028,OpenTarget,,,,,,,
PJA1,,0,na,na,na,0,0.18028,OpenTarget,,,,,,,
MAF,,0,na,na,na,0,0.18028,OpenTarget,,,,,,,
NAALADL2,,0,na,na,na,0,0.18028,OpenTarget,,,,,,,
POLR3D,,0,na,na,na,0,0.18028,OpenTarget,,,,,,,
FYCO1,,0,na,na,na,0,0.18028,OpenTarget,,,,,,,
MIPOL1,,0,na,na,na,0,0.18028,OpenTarget,,,,,,,
CPSF7,,0,na,na,na,0,0.18028,OpenTarget,,,,,,,
ZNF182,,0,na,low,Proteome,0,0.18028,"CITDBase,OpenTarget",,,,,,,
ALDH1L1,,0,na,na,na,0,0.18028,OpenTarget,,,,,,,
ADAMTSL4,,0,na,na,na,0,0.18028,OpenTarget,,,,,,,
GPR161,,0,na,na,na,0,0.18028,OpenTarget,,,,,,,
TMEM8B,,0,na,na,na,0,0.18028,OpenTarget,,,,,,,
EPC2,,0,na,na,na,0,0.18028,OpenTarget,,,,,,,
MAU2,,0,na,na,na,0,0.18028,OpenTarget,,,,,,,
SUPT7L,,0,na,na,na,0,0.18028,OpenTarget,,,,,,,
ANGPTL1,,0,na,na,na,0,0.18028,OpenTarget,,,,,,,
GRM6,,0,na,na,na,0,0.18028,OpenTarget,,,,,,,
CDK5RAP3,,0,na,na,na,0,0.18028,OpenTarget,,,,,,,
KAT8,,0,na,na,na,0,0.18028,OpenTarget,,,,,,,
CYB5R3,,0,na,na,na,0,0.18028,OpenTarget,,,,,,,
MYO15A,,0,na,na,na,0,0.18028,OpenTarget,,,,,,,
COL16A1,,0,na,na,na,0,0.18028,OpenTarget,,,,,,,
CDK13,,0,na,na,na,0,0.18028,OpenTarget,,,,,,,
RCN1,,0,na,na,na,0,0.18028,OpenTarget,,,,,,,
BRD9,,0,na,na,na,0,0.18028,OpenTarget,,,,,,,
SELENOP,,0,na,na,na,0,0.18018,OpenTarget,,,,,,,
CTTN,,0,na,na,na,0,0.1666,OpenTarget,,,,,,,
HBE1,,0,na,na,na,0,0.1484122046,OpenTarget,,,,,,,
EDNRA,,0,low,low,RNA,0.1,0.1116888889,"CITDBase,OpenTarget",,,,,,,
HDAC10,,0,na,na,na,0.1,0.1015,OpenTarget,,,,,,,
HDAC5,,0,na,na,na,0.1,0.1,OpenTarget,,,,,,,
HDAC7,,0,na,na,na,0.1,0.1,OpenTarget,,,,,,,
ABL1,,0,na,na,na,0.09,0.09,OpenTarget,,,,,,,
MTHFR,,0,na,na,na,0,0.07273092859,OpenTarget,,,,,,,
SLC2A4RG,,0,na,na,na,0,0.0722,OpenTarget,,,,,,,
TIMP1,,0,na,na,na,0,0.07131225456,OpenTarget,,,,,,,
REN,,0,na,na,na,0,0.06829380858,OpenTarget,,,,,,,
IGFBP1,,0,na,na,na,0,0.06758151914,OpenTarget,,,,,,,
SERPINE1,,0,na,na,na,0,0.06567927311,OpenTarget,,,,,,,
PON1,,0,na,na,na,0,0.05315844898,OpenTarget,,,,,,,
FGF2,,0,na,na,na,0,0.05243199873,OpenTarget,,,,,,,
ACVR1C,,0,na,na,na,0,0.0512,OpenTarget,,,,,,,
IGFBP2,,0,na,na,na,0,0.05079785601,OpenTarget,,,,,,,
NR2C2,,0,na,na,na,0,0.04964511111,OpenTarget,,,,,,,
PPARG,,0,na,na,na,0,0.04786676748,OpenTarget,,,,,,,
NPAP1,,0,na,na,na,0,0.04688055556,OpenTarget,,,,,,,
FOXO1,,0,na,na,na,0,0.0462,OpenTarget,,,,,,,
GSTM1,,0,na,na,na,0,0.04559588889,OpenTarget,,,,,,,
PRDM2,,0,na,na,na,0,0.0448,OpenTarget,,,,,,,
HPX,,0,na,na,na,0,0.04467711111,OpenTarget,,,,,,,
TPT1,,0,na,na,na,0,0.0431,OpenTarget,,,,,,,
VCAM1,,0,na,na,na,0,0.04266412635,OpenTarget,,,,,,,
IGF1R,,0,na,na,na,0,0.04259418821,OpenTarget,,,,,,,
SOCS1,,0,na,na,na,0,0.0416,OpenTarget,,,,,,,
ADAMTS13,,0,na,na,na,0,0.04088020125,OpenTarget,,,,,,,
GREB1L,,0,na,na,na,0,0.0394,OpenTarget,,,,,,,
CYP2D6,,0,na,na,na,0,0.03844444444,OpenTarget,,,,,,,
CTSK,,0,na,na,na,0,0.0372,OpenTarget,,,,,,,
APOA1,,0,na,na,na,0,0.03687047924,OpenTarget,,,,,,,
DHRS2,,0,na,na,na,0,0.0365,OpenTarget,,,,,,,
NCAM1,,0,na,na,na,0,0.03558888889,OpenTarget,,,,,,,
SYVN1,,0,na,na,na,0,0.0354,OpenTarget,,,,,,,
KDM1A,,0,na,na,na,0,0.03491011111,OpenTarget,,,,,,,
CD99,,0,na,na,na,0,0.034,OpenTarget,,,,,,,
RPS4X,,0,na,na,na,0,0.032,OpenTarget,,,,,,,
ANG,,0,na,na,na,0,0.0314,OpenTarget,,,,,,,
DIRAS3,,0,na,na,na,0,0.0308,OpenTarget,,,,,,,
PEX6,,0,na,na,na,0,0.0308,OpenTarget,,,,,,,
OGG1,,0,na,na,na,0,0.0308,OpenTarget,,,,,,,
ADCY9,,0,na,na,na,0,0.0289,OpenTarget,,,,,,,
SMAD4,,0,na,na,na,0,0.0288,OpenTarget,,,,,,,
TRIM28,,0,na,na,na,0,0.02873333333,OpenTarget,,,,,,,
AXL,,0,na,na,na,0,0.0275,OpenTarget,,,,,,,
ALDH1A1,,0,na,na,na,0,0.0275,OpenTarget,,,,,,,
IGFBP5,,0,na,na,na,0,0.0274,OpenTarget,,,,,,,
NPC2,,0,na,na,na,0,0.0272,OpenTarget,,,,,,,
PREB,,0,na,na,na,0,0.0268,OpenTarget,,,,,,,
TAX1BP3,,0,na,na,na,0,0.026,OpenTarget,,,,,,,
SETDB1,,0,na,na,na,0,0.026,OpenTarget,,,,,,,
KAT5,,0,na,na,na,0,0.0256,OpenTarget,,,,,,,
MAMLD1,,0,na,na,na,0,0.02527865476,OpenTarget,,,,,,,
POM121,,0,na,na,na,0,0.0252,OpenTarget,,,,,,,
DLK1,,0,na,na,na,0,0.0252,OpenTarget,,,,,,,
ZNF274,,0,na,na,na,0,0.0252,OpenTarget,,,,,,,
TFPI2,,0,na,na,na,0,0.0252,OpenTarget,,,,,,,
DIO3,,0,low,na,RNA,0,0.0252,"CITDBase,OpenTarget",,,,,,,
DONSON,,0,na,na,na,0,0.0248,OpenTarget,,,,,,,
KLF2,,0,na,na,na,0,0.0248,OpenTarget,,,,,,,
CEP72,,0,na,na,na,0,0.0248,OpenTarget,,,,,,,
CD81,,0,na,na,na,0,0.0248,OpenTarget,,,,,,,
ZNF358,,0,na,na,na,0,0.0244,OpenTarget,,,,,,,
ADCY6,,0,na,na,na,0,0.0244,OpenTarget,,,,,,,
ZNF385B,,0,na,na,na,0,0.0244,OpenTarget,,,,,,,
F3,,0,na,na,na,0,0.0244,OpenTarget,,,,,,,
MATN1,,0,na,na,na,0,0.0242,OpenTarget,,,,,,,
ABO,,0,na,na,na,0,0.024,OpenTarget,,,,,,,
ANKK1,,0,na,na,na,0,0.024,OpenTarget,,,,,,,
CEBPD,,0,na,na,na,0,0.02285,OpenTarget,,,,,,,
ADAM12,,0,na,na,na,0,0.0221,OpenTarget,,,,,,,
MAOB,,0,na,na,na,0,0.0214,OpenTarget,,,,,,,
CEP164,,0,na,na,na,0,0.02095555556,OpenTarget,,,,,,,
TNXB,,0,na,na,na,0,0.0206,OpenTarget,,,,,,,
TBX3,,0,na,na,na,0,0.0202,OpenTarget,,,,,,,
PLXNA1,,0,na,na,na,0,0.0202,OpenTarget,,,,,,,
NPHP4,,0,na,na,na,0,0.0194,OpenTarget,,,,,,,
VIM,,0,na,na,na,0,0.01852155556,OpenTarget,,,,,,,
NDRG2,,0,na,na,na,0,0.0185,OpenTarget,,,,,,,
FGFR4,,0,na,na,na,0,0.0183,OpenTarget,,,,,,,
OFD1,,0,na,low,Proteome,0,0.01815488889,"CITDBase,OpenTarget",,,,,,,
MYC,,0,na,na,na,0,0.01800555556,OpenTarget,,,,,,,
MAT2A,,0,na,na,na,0,0.018,OpenTarget,,,,,,,
MAT1A,,0,na,na,na,0,0.018,OpenTarget,,,,,,,
KMT2A,,0,na,na,na,0,0.01784444444,OpenTarget,,,,,,,
SLC12A4,,0,na,na,na,0,0.01771944444,OpenTarget,,,,,,,
TIMP2,,0,na,na,na,0,0.01771388889,OpenTarget,,,,,,,
TNXA,,0,na,na,na,0,0.0176,OpenTarget,,,,,,,
LRP1,,0,na,na,na,0,0.0172,OpenTarget,,,,,,,
C17orf67,,0,low,na,RNA,0,0.0172,"CITDBase,OpenTarget",,,,,,,
PENK,,0,na,na,na,0,0.0168,OpenTarget,,,,,,,
AMT,,0,na,na,na,0,0.0168,OpenTarget,,,,,,,
MAP2K5,,0,na,na,na,0,0.0168,OpenTarget,,,,,,,
SERPINF1,,0,na,na,na,0,0.0168,OpenTarget,,,,,,,
DLEC1,,0,na,na,HPA,0,0.0168,"CITDBase,OpenTarget",,,,,,,
BNC2,,0,na,na,na,0,0.01655555556,OpenTarget,,,,,,,
IFT22,,0,na,na,na,0,0.0163,OpenTarget,,,,,,,
MSH6,,0,na,na,na,0,0.01610555556,OpenTarget,,,,,,,
SIRT3,,0,na,na,na,0,0.0155,OpenTarget,,,,,,,
THPO,,0,na,na,na,0,0.0155,OpenTarget,,,,,,,
CNTLN,,0,na,na,na,0,0.01525533333,OpenTarget,,,,,,,
VIPR2,,0,na,na,na,0,0.015,OpenTarget,,,,,,,
RTTN,,0,na,na,na,0,0.0148,OpenTarget,,,,,,,
AHI1,,0,na,na,na,0,0.01463573237,OpenTarget,,,,,,,
KDM5C,,0,na,na,na,0,0.0145,OpenTarget,,,,,,,
CPS1,,0,na,na,na,0,0.0144,OpenTarget,,,,,,,
BMP6,,0,na,na,na,0,0.0144,OpenTarget,,,,,,,
BMPR1A,,0,na,na,na,0,0.0142,OpenTarget,,,,,,,
DEPTOR,,0,na,na,na,0,0.0136,OpenTarget,,,,,,,
NKD1,,0,na,na,na,0,0.0136,OpenTarget,,,,,,,
RHD,,0,na,na,na,0,0.0135,OpenTarget,,,,,,,
TXNRD2,,0,na,na,na,0,0.0135,OpenTarget,,,,,,,
PRX,,0,na,na,na,0,0.01344444444,OpenTarget,,,,,,,
AOPEP,,0,na,na,na,0,0.0134,OpenTarget,,,,,,,
SCAF1,,0,na,na,na,0,0.0134,OpenTarget,,,,,,,
ISLR,,0,low,na,RNA,0,0.0132,"CITDBase,OpenTarget",,,,,,,
JUN,,0,na,na,na,0,0.013,OpenTarget,,,,,,,
NR4A2,,0,na,na,na,0,0.013,OpenTarget,,,,,,,
GLUL,,0,na,na,na,0,0.013,OpenTarget,,,,,,,
DLG4,,0,na,na,na,0,0.0129,OpenTarget,,,,,,,
MED12,,0,na,na,na,0,0.0128,OpenTarget,,,,,,,
HSP90AB1,,0,na,na,na,0,0.0126,OpenTarget,,,,,,,
CASP9,,0,na,na,na,0,0.0125,OpenTarget,,,,,,,
PLTP,,0,na,na,na,0,0.0124,OpenTarget,,,,,,,
THBS2,,0,na,na,na,0,0.0121,OpenTarget,,,,,,,
TMEM216,,0,na,na,na,0,0.012,OpenTarget,,,,,,,
COL18A1,,0,na,na,na,0,0.012,OpenTarget,,,,,,,
PLPP3,,0,na,na,na,0,0.012,OpenTarget,,,,,,,
RERG,,0,na,na,na,0,0.012,OpenTarget,,,,,,,
SRPX2,,0,na,na,na,0,0.012,OpenTarget,,,,,,,
EPHB3,,0,na,na,na,0,0.0116,OpenTarget,,,,,,,
DHX37,,0,na,na,na,0,0.0116,OpenTarget,,,,,,,
NR4A1,,0,na,na,na,0,0.0116,OpenTarget,,,,,,,
RARRES2,,0,na,na,na,0,0.0116,OpenTarget,,,,,,,
NEFH,,0,na,na,na,0,0.0116,OpenTarget,,,,,,,
CCDC8,,0,low,na,RNA,0,0.0116,"CITDBase,OpenTarget",,,,,,,
TERF1,,0,na,na,na,0,0.0112,OpenTarget,,,,,,,
KLF4,,0,na,na,na,0,0.0112,OpenTarget,,,,,,,
SLC8B1,,0,na,na,na,0,0.0112,OpenTarget,,,,,,,
CDH3,,0,na,na,na,0,0.0112,OpenTarget,,,,,,,
NR2F1,,0,na,na,na,0,0.0108,OpenTarget,,,,,,,
NLGN4X,,0,na,na,na,0,0.0108,OpenTarget,,,,,,,
IGFBP4,,0,na,na,na,0,0.0108,OpenTarget,,,,,,,
SUOX,,0,na,na,na,0,0.0108,OpenTarget,,,,,,,
RXYLT1,,0,na,na,na,0,0.0108,OpenTarget,,,,,,,
SFRP4,,0,na,na,HPA,0,0.0108,"CITDBase,OpenTarget",,,,,,,
RARB,,0,na,na,na,0,0.0108,OpenTarget,,,,,,,
OBSL1,,0,low,na,RNA,0,0.0108,"CITDBase,OpenTarget",,,,,,,
RYR2,,0,na,na,na,0,0.01042964544,OpenTarget,,,,,,,
RPS18,,0,na,na,na,0,0.0104,OpenTarget,,,,,,,
CFI,,0,na,na,na,0,0.0104,OpenTarget,,,,,,,
ACTG1,,0,na,na,na,0,0.0104,OpenTarget,,,,,,,
RPSA,,0,na,na,na,0,0.0104,OpenTarget,,,,,,,
ARSL,,0,na,na,na,0,0.0104,OpenTarget,,,,,,,
SETBP1,,0,na,na,na,0,0.0104,OpenTarget,,,,,,,
TAGLN,,0,na,na,na,0,0.0104,OpenTarget,,,,,,,
LUM,,0,na,na,na,0,0.0104,OpenTarget,,,,,,,
SLC40A1,,0,na,na,na,0,0.0104,OpenTarget,,,,,,,
AOX1,,0,na,na,na,0,0.0104,OpenTarget,,,,,,,
RFX1,,0,na,na,na,0,0.0104,OpenTarget,,,,,,,
NR1D1,,0,na,na,na,0,0.0104,OpenTarget,,,,,,,
PSPN,,0,na,na,na,0,0.0104,OpenTarget,,,,,,,
PLCG1,,0,na,na,na,0,0.0104,OpenTarget,,,,,,,
CHST3,,0,na,na,na,0,0.0104,OpenTarget,,,,,,,
NR4A3,,0,na,na,na,0,0.0104,OpenTarget,,,,,,,
KLF9,,0,na,na,na,0,0.0104,OpenTarget,,,,,,,
USP35,,0,na,na,na,0,0.0104,OpenTarget,,,,,,,
PITRM1,,0,na,na,na,0,0.0104,OpenTarget,,,,,,,
NRF1,,0,na,na,na,0,0.0104,OpenTarget,,,,,,,
TAF6,,0,na,na,na,0,0.0104,OpenTarget,,,,,,,
JAK3,,0,na,na,na,0,0.0104,OpenTarget,,,,,,,
LGALS1,,0,na,na,na,0,0.0104,OpenTarget,,,,,,,
SERPIND1,,0,na,na,na,0,0.0104,OpenTarget,,,,,,,
AAAS,,0,na,na,na,0,0.0104,OpenTarget,,,,,,,
DDHD2,,0,na,na,na,0,0.0104,OpenTarget,,,,,,,
TRO,,0,na,na,na,0,0.0104,OpenTarget,,,,,,,
KRIT1,,0,na,na,na,0,0.0104,OpenTarget,,,,,,,
IGSF10,,0,low,na,RNA,0,0.0104,"CITDBase,OpenTarget",,,,,,,
SLC16A2,,0,na,na,na,0,0.01,OpenTarget,,,,,,,
PLCXD3,,0,na,na,na,0,0.0088,OpenTarget,,,,,,,
GPX8,,0,na,na,na,0,0.0088,OpenTarget,,,,,,,
PBXIP1,,0,na,na,na,0,0.0088,OpenTarget,,,,,,,
TCP10L,,0,na,na,na,0,0.0068,OpenTarget,,,,,,,
DPY19L2,,0,na,na,na,0,0.0068,OpenTarget,,,,,,,
ID4,,0,na,na,na,0,0.0068,OpenTarget,,,,,,,
ADAMTS1,,0,na,na,na,0,0.0068,OpenTarget,,,,,,,
BRD4,,0,na,na,na,0,0.0068,OpenTarget,,,,,,,
PEG10,,0,na,na,na,0,0.006,OpenTarget,,,,,,,
HOXC4,,0,na,na,na,0,0.006,OpenTarget,,,,,,,
RAVER1,,0,na,na,na,0,0.006,OpenTarget,,,,,,,
WASF1,,0,na,na,na,0,0.006,OpenTarget,,,,,,,
OVGP1,,0,high,na,RNA,0,0.0056,"CITDBase,OpenTarget",yes,nd,nd,yes,very specific to female tissue. Fallopian tube ,,
ZNF205,,0,na,na,na,0,0.0044,OpenTarget,,,,,,,
PMEL,,0,na,na,na,0,0.004,OpenTarget,,,,,,,
P4HTM,,0,na,na,na,0,0.004,OpenTarget,,,,,,,
STAT6,,0,na,na,na,0,0.004,OpenTarget,,,,,,,
RPS27A,,0,na,na,na,0,0.004,OpenTarget,,,,,,,
GSTM3,,0,na,na,na,0,0.004,OpenTarget,,,,,,,
NPRL3,,0,na,na,na,0,0.004,OpenTarget,,,,,,,
ABLIM1,,0,na,na,na,0,0.004,OpenTarget,,,,,,,
MAPRE3,,0,na,na,na,0,0.004,OpenTarget,,,,,,,
DIS3L2,,0,na,na,na,0,0.0003794715025,OpenTarget,,,,,,,
CDH4,,0,na,na,na,0,0.0003022945528,OpenTarget,,,,,,,
MTHFD1L,,0,na,na,na,0,0.0002348524306,OpenTarget,,,,,,,
NYNRIN,,0,na,na,na,0,0.0002090655046,OpenTarget,,,,,,,
MMAB,,0,na,na,na,0,0.0001545861066,OpenTarget,,,,,,,
L3MBTL4,,0,na,na,na,0,0.000147694886,OpenTarget,,,,,,,
FGF7,,0,na,na,na,0,0.0001259777058,OpenTarget,,,,,,,
EFHD1,,0,na,na,na,0,0.0001216626243,OpenTarget,,,,,,,
GCKR,,0,na,na,na,0,0.0001144995511,OpenTarget,,,,,,,
PTPRG,,0,na,na,na,0,0.0001063429613,OpenTarget,,,,,,,
ZNF320,,0,na,na,na,0,0.00008093690701,OpenTarget,,,,,,,
ZGPAT,,0,na,na,na,0,0.00006222696307,OpenTarget,,,,,,,
PLA2G6,,0,na,na,na,0,0.0000349223708,OpenTarget,,,,,,,
CCHCR1,,0,na,na,na,0,0.00003330488125,OpenTarget,,,,,,,
IRF2BPL,,0,na,na,na,0,0.00003323725567,OpenTarget,,,,,,,
ZNF248,,0,na,na,na,0,0.00003049419886,OpenTarget,,,,,,,
MEIS2,,0,na,na,na,0,0.00002555639636,OpenTarget,,,,,,,
ADAMTS17,,0,na,na,na,0,0.00001549502774,OpenTarget,,,,,,,
RGMB,,0,na,na,na,0,0.0000104836013,OpenTarget,,,,,,,
C7orf50,,0,na,na,na,0,0.000003860872222,OpenTarget,,,,,,,
ACRBP,0,1,na,mid,Proteome,,,CITDBase,,,,,,,
ACRV1,0,0,na,mid,Proteome,,,CITDBase,,,,,,,
ACTL7A,0,0,na,mid,Proteome,,,CITDBase,,,,,,,
ACTL8,0,0,na,mid,Proteome,,,CITDBase,,,,,,,
ACTRT2,0,0,na,mid,Proteome,,,CITDBase,,,,,placenta,,
ADAM2,0,1,na,mid,Proteome,,,CITDBase,,,,,,,
ADAM30,0,1,na,mid,Proteome,,,CITDBase,,,,,,,
ADAM32,0,1,na,mid,Proteome,,,CITDBase,,,,,,,
ALPPL2,0,1,na,mid,Proteome,,,CITDBase,,,,,,,
AMH,0,1,na,mid,Proteome,,,CITDBase,,,,,,,
ANHX,0,0,na,mid,Proteome,,,CITDBase,,,,,,,
AOC2,0,1,na,mid,Proteome,,,CITDBase,,,,,,,
APITD1,0,0,na,mid,Proteome,,,CITDBase,,,,,,,
ARNTL2,0,1,na,mid,Proteome,,,CITDBase,,,,,,,
ASB3,0,0,na,mid,Proteome,,,CITDBase,,,,,,,
BUB1,0,1,na,mid,Proteome,,,CITDBase,,,,,,,
C10orf107,0,0,na,mid,Proteome,,,CITDBase,,,,,,,
C12orf60,0,0,na,mid,Proteome,,,CITDBase,,,,,,,
C15orf41,0,0,na,mid,Proteome,,,CITDBase,,,,,,,
C15orf43,0,0,na,mid,Proteome,,,CITDBase,,,,,,,
C17orf104,0,0,na,mid,Proteome,,,CITDBase,,,,,,,
C17orf96,0,0,na,mid,Proteome,,,CITDBase,,,,,,,
C20orf144,0,0,na,mid,Proteome,,,CITDBase,,,,,,,
C3orf71,0,0,na,mid,Proteome,,,CITDBase,,,,,,,
C4orf46,0,0,na,mid,Proteome,,,CITDBase,,,,,,,
C5orf34,0,0,na,mid,Proteome,,,CITDBase,,,,,,,
C7orf61,0,0,na,mid,Proteome,,,CITDBase,,,,,,,
CABP1,0,0,na,mid,Proteome,,,CITDBase,,,,,,,
CABS1,0,0,na,mid,Proteome,,,CITDBase,,,,,,,
CABYR,0,0,na,mid,Proteome,,,CITDBase,,,,,,,
CAPRIN2,0,0,na,mid,Proteome,,,CITDBase,,,,,,,
CENPK,0,0,na,mid,Proteome,,,CITDBase,,,,,,,
CETN1,0,0,na,mid,Proteome,,,CITDBase,,,,,,,
CHST7,0,1,na,mid,Proteome,,,CITDBase,,,,,,,
CIDEC,0,0,na,mid,Proteome,,,CITDBase,,,,,,,
CST9L,0,1,na,mid,Proteome,,,CITDBase,,,,,,,
CTAG1A,0,0,na,mid,Proteome,,,CITDBase,,,,,,,
CTAG2,0,0,na,mid,Proteome,,,CITDBase,,,,,,,
DCAF4L1,0,0,na,mid,Proteome,,,CITDBase,,,,,,,
DCAF8L2,0,0,na,mid,Proteome,,,CITDBase,,,,,,,
DEFB119,0,1,na,mid,Proteome,,,CITDBase,,,,,,,
DMC1,1,1,na,mid,Proteome,,,CITDBase,,,,,,,
DMRT1,0,1,na,mid,Proteome,,,CITDBase,,,,,,,
DNAJB8,0,0,na,mid,Proteome,,,CITDBase,,,,,,,
DSCC1,0,0,na,mid,Proteome,,,CITDBase,,,,,,,
DSEL,0,0,na,mid,Proteome,,,CITDBase,,,,,,,
EFHC1,0,0,na,mid,Proteome,,,CITDBase,,,,,,,
ETNK2,0,1,na,mid,Proteome,,,CITDBase,,,,,,,
FAM122B,0,0,na,mid,Proteome,,,CITDBase,,,,,,,
FAM127B,0,0,na,mid,Proteome,,,CITDBase,,,,,,,
FAM209A,0,0,na,mid,Proteome,,,CITDBase,,,,,,,
FAM209B,0,0,na,mid,Proteome,,,CITDBase,,,,,,,
FAM219B,0,0,na,mid,Proteome,,,CITDBase,,,,,,,
FAM71A,0,0,na,mid,Proteome,,,CITDBase,,,,,,,
FAM92A1,0,0,na,mid,Proteome,,,CITDBase,,,,,,,
FMR1NB,0,0,na,mid,Proteome,,,CITDBase,,,,,,,
FNDC8,0,0,na,mid,Proteome,,,CITDBase,,,,,,,
GLIPR1L1,0,1,na,mid,Proteome,,,CITDBase,,,,,,,
GMNN,0,1,na,mid,Proteome,,,CITDBase,,,,,,,
GSTO2,0,1,na,mid,Proteome,,,CITDBase,,,,,,,
GTSF1L,0,0,na,mid,Proteome,,,CITDBase,,,,,,,
H3F3C,0,1,na,mid,Proteome,,,CITDBase,,,,,,,
HAND1,0,1,na,mid,Proteome,,,CITDBase,,,,,,,
HBEGF,0,1,na,mid,Proteome,,,CITDBase,,,,,,,
HDGFL1,0,0,na,mid,Proteome,,,CITDBase,,,,,,,
HMGB4,0,0,na,mid,Proteome,,,CITDBase,,,,,,,
HS6ST2,0,0,na,mid,Proteome,,,CITDBase,,,,,,,
HSD17B3,0,1,na,mid,Proteome,,,CITDBase,,,,,,,
HSF5,0,0,na,mid,Proteome,,,CITDBase,,,,,,,
IL1RAPL2,0,1,na,mid,Proteome,,,CITDBase,,,,,,,
INSIG1,0,0,na,mid,Proteome,,,CITDBase,,,,,,,
INSL3,1,1,na,mid,Proteome,,,CITDBase,,,,,,,
KCNK17,0,1,na,mid,Proteome,,,CITDBase,,,,,,,
LIN28A,0,0,na,mid,Proteome,,,CITDBase,,,,,,,
LMO3,0,0,na,mid,Proteome,,,CITDBase,,,,,,,
LRRC37B,0,0,na,mid,Proteome,,,CITDBase,,,,,,,
LRRC42,0,0,na,mid,Proteome,,,CITDBase,,,,,,,
LUZP4,0,0,na,mid,Proteome,,,CITDBase,,,,,,,
LYPD4,0,0,na,mid,Proteome,,,CITDBase,,,,,,,
LYZL4,0,1,na,mid,Proteome,,,CITDBase,,,,,,,
MAEL,0,0,na,mid,Proteome,,,CITDBase,,,,,,,
MAGEA9,0,0,na,mid,Proteome,,,CITDBase,,,,,,,
MAGEB1,0,0,na,mid,Proteome,,,CITDBase,,,,,,,
MMP28,0,1,na,mid,Proteome,,,CITDBase,,,,,,,
MOSPD3,0,0,na,mid,Proteome,,,CITDBase,,,,,,,
NAA11,0,0,na,mid,Proteome,,,CITDBase,,,,,,,
NANOS3,1,1,na,mid,Proteome,,,CITDBase,,,,,,,
NOBOX,1,0,na,mid,Proteome,,,CITDBase,,,,,,,
ODF1,0,0,na,mid,Proteome,,,CITDBase,,,,,,,
ODF3,0,0,na,mid,Proteome,,,CITDBase,,,,,,,
OIP5,0,0,na,mid,Proteome,,,CITDBase,,,,,,,
PABPC5,0,0,na,mid,Proteome,,,CITDBase,,,,,,,
PAGE1,0,0,na,mid,Proteome,,,CITDBase,,,,,,,
PAGE5,0,0,na,mid,Proteome,,,CITDBase,,,,,,,
PCDHB5,0,0,na,mid,Proteome,,,CITDBase,,,,,,,
PCDHGA11,0,0,na,mid,Proteome,,,CITDBase,,,,,,,
PDCL2,0,0,na,mid,Proteome,,,CITDBase,,,,,,,
PDHA2,0,0,na,mid,Proteome,,,CITDBase,,,,,,,
PIGV,0,0,na,mid,Proteome,,,CITDBase,,,,,,,
POU5F1,1,0,na,mid,Proteome,,,CITDBase,,,,,,,
PPP1R2P9,0,1,na,mid,Proteome,,,CITDBase,,,,,,,
PRM2,0,0,na,mid,Proteome,,,CITDBase,,,,,,,
PRSS21,0,1,na,mid,Proteome,,,CITDBase,,,,,,,
PRSS37,0,1,na,mid,Proteome,,,CITDBase,,,,,,,
PRSS58,0,1,na,mid,Proteome,,,CITDBase,,,,,,,
PSMA8,0,1,na,mid,Proteome,,,CITDBase,,,,,,,
PTTG2,0,1,na,mid,Proteome,,,CITDBase,,,,,,,
RBM46,0,0,na,mid,Proteome,,,CITDBase,,,,,,,
RFX4,0,0,na,mid,Proteome,,,CITDBase,,,,,,,
RIMS4,0,0,na,mid,Proteome,,,CITDBase,,,,,,,
RMND5B,0,0,na,mid,Proteome,,,CITDBase,,,,,,,
RNF150,0,0,na,mid,Proteome,,,CITDBase,,,,,,,
RNFT2,0,0,na,mid,Proteome,,,CITDBase,,,,,,,
ROPN1L,0,0,na,mid,Proteome,,,CITDBase,,,,,,,
RSPH6A,0,0,na,mid,Proteome,,,CITDBase,,,,,,,
RSPH9,0,0,na,mid,Proteome,,,CITDBase,,,,,,,
SHCBP1L,0,0,na,mid,Proteome,,,CITDBase,,,,,,,
SKA2,0,0,na,mid,Proteome,,,CITDBase,,,,,,,
SLC2A14,0,1,na,mid,Proteome,,,CITDBase,,,,,,,
SMRP1,0,0,na,mid,Proteome,,,CITDBase,,,,,,,
SPA17,0,1,na,mid,Proteome,,,CITDBase,,,,,,,
SPACA4,0,0,na,mid,Proteome,,,CITDBase,,,,,,,
SPACA5,0,1,na,mid,Proteome,,,CITDBase,,,,,,,
SPANXB1,0,0,na,mid,Proteome,,,CITDBase,,,,,,,
SPATA19,0,0,na,mid,Proteome,,,CITDBase,,,,,,,
SPATA22,1,1,na,mid,Proteome,,,CITDBase,,,,,,,
SPINK2,0,1,na,mid,Proteome,,,CITDBase,,,,,,,
SPINLW1,0,0,na,mid,Proteome,,,CITDBase,,,,,,,
SSX2,0,0,na,mid,Proteome,,,CITDBase,,,,,,,
SSX3,0,0,na,mid,Proteome,,,CITDBase,,,,,,,
STRA8,0,0,na,mid,Proteome,,,CITDBase,,,,,,,
SYCP3,0,0,na,mid,Proteome,,,CITDBase,,,,,,,
TAF7L,0,1,na,mid,Proteome,,,CITDBase,,,,,,,
TBC1D21,0,0,na,mid,Proteome,,,CITDBase,,,,,,,
TCTEX1D2,0,0,na,mid,Proteome,,,CITDBase,,,,,,,
TEX101,0,1,na,mid,Proteome,,,CITDBase,,,,,,,
TMEM89,0,0,na,mid,Proteome,,,CITDBase,,,,,,,
TOX3,0,0,na,mid,Proteome,,,CITDBase,,,,,,,
TSPAN5,0,0,na,mid,Proteome,,,CITDBase,,,,,,,
TSPYL6,0,0,na,mid,Proteome,,,CITDBase,,,,,,,
WBP2NL,0,0,na,mid,Proteome,,,CITDBase,,,,,,,
WDR34,0,0,na,mid,Proteome,,,CITDBase,,,,,,,
WDR62,0,0,na,mid,Proteome,,,CITDBase,,,,,,,
ZBTB46,0,0,na,mid,Proteome,,,CITDBase,,,,,,,
ZDHHC11,0,0,na,mid,Proteome,,,CITDBase,,,,,,,
ZDHHC4,0,0,na,mid,Proteome,,,CITDBase,,,,,,,
ZMYND12,0,0,na,mid,Proteome,,,CITDBase,,,,,,,
ZNRD1,0,0,na,mid,Proteome,,,CITDBase,,,,,,,
ZPBP2,0,0,na,mid,Proteome,,,CITDBase,,,,,,,
ZSCAN5D,0,0,na,mid,Proteome,,,CITDBase,,,,,,,
ACE2,0,1,na,low,Proteome,,,CITDBase,,,,,,,
ACR,0,1,na,low,Proteome,,,CITDBase,,,,,,,
ACTL7B,0,0,na,low,Proteome,,,CITDBase,,,,,,,
AKAP4,0,0,na,low,Proteome,,,CITDBase,,,,,,,
ATP6V1E2,0,1,na,low,Proteome,,,CITDBase,,,,,,,
ATXN1L,0,0,na,low,Proteome,,,CITDBase,,,,,,,
BNC1,0,0,na,low,Proteome,,,CITDBase,,,,,,,
C10orf120,0,0,na,low,Proteome,,,CITDBase,,,,,,,
CKS2,1,1,na,low,Proteome,,,CITDBase,,,,,,,
COPR5,0,0,na,low,Proteome,,,CITDBase,,,,,,,
CRYBG3,0,0,na,low,Proteome,,,CITDBase,,,,,,,
CXorf67,0,0,na,low,Proteome,,,CITDBase,,,,,,,
DDX26B,0,0,na,low,Proteome,,,CITDBase,,,,,,,
DDX4,0,0,na,low,Proteome,,,CITDBase,,,,,,,
DDX43,0,0,na,low,Proteome,,,CITDBase,,,,,,,
FAM205A,0,0,na,low,Proteome,,,CITDBase,,,,,,,
FOXRED2,0,0,na,low,Proteome,,,CITDBase,,,,,,,
GLB1L,0,0,na,low,Proteome,,,CITDBase,,,,,,,
GTSF1,0,0,na,low,Proteome,,,CITDBase,,,,,,,
HERC5,0,1,na,low,Proteome,,,CITDBase,,,,,,,
HEXDC,0,0,na,low,Proteome,,,CITDBase,,,,,,,
HIST1H2BA,0,0,na,low,Proteome,,,CITDBase,,,,,,,
IQCB1,0,0,na,low,Proteome,,,CITDBase,,,,,,,
JAKMIP2,0,0,na,low,Proteome,,,CITDBase,,,,,,,
JSRP1,0,1,na,low,Proteome,,,CITDBase,,,,,,,
KLHL1,0,1,na,low,Proteome,,,CITDBase,,,,,,,
KRT74,0,0,na,low,Proteome,,,CITDBase,,,,,,,
LCN9,0,1,na,low,Proteome,,,CITDBase,,,,,,,
NXF3,0,0,na,low,Proteome,,,CITDBase,,,,,,,
OTUB2,0,1,na,low,Proteome,,,CITDBase,,,,,,,
PADI6,1,1,na,low,Proteome,,,CITDBase,,,,,,,
PCDP1,0,0,na,low,Proteome,,,CITDBase,,,,,,,
PIWIL1,0,0,na,low,Proteome,,,CITDBase,,,,,,,
PRND,0,1,na,low,Proteome,,,CITDBase,,,,,,,
PRSS50,0,1,na,low,Proteome,,,CITDBase,,,,,,,
RBM44,0,0,na,low,Proteome,,,CITDBase,,,,,,,
ROPN1,0,0,na,low,Proteome,,,CITDBase,,,,,,,
SEPT12,0,1,na,low,Proteome,,,CITDBase,,,,,,,
SLC25A31,0,1,na,low,Proteome,,,CITDBase,,,,,,,
SLC26A10,0,1,na,low,Proteome,,,CITDBase,,,,,,,
SPACA1,0,0,na,low,Proteome,,,CITDBase,,,,,,,
SQLE,0,1,na,low,Proteome,,,CITDBase,,,,,,,
SUV39H2,0,1,na,low,Proteome,,,CITDBase,,,,,,,
TDRD10,0,0,na,low,Proteome,,,CITDBase,,,,,,,
TEX33,0,0,na,low,Proteome,,,CITDBase,,,,,,,
TKTL1,0,0,na,low,Proteome,,,CITDBase,,,,,,,
TRAF5,0,0,na,low,Proteome,,,CITDBase,,,,,,,
TSKS,0,0,na,low,Proteome,,,CITDBase,,,,,,,
TUBG2,0,1,na,low,Proteome,,,CITDBase,,,,,,,
ZNF192,0,0,na,low,Proteome,,,CITDBase,,,,,,,
ZNF280C,0,0,na,low,Proteome,,,CITDBase,,,,,,,
CHRNA5,0,1,low,mid,Proteome,,,CITDBase,,,,,,,
PLA2G4D,0,1,low,mid,Proteome,,,CITDBase,,,,,,,
RSPH1,0,0,low,mid,Proteome,,,CITDBase,,,,,,,
TEKT2,0,0,low,mid,Proteome,,,CITDBase,,,,,,,
TMEM190,0,0,low,mid,Proteome,,,CITDBase,,,,,,,
UTF1,0,0,low,mid,Proteome,,,CITDBase,,,,,,,
AC004080.3,0,0,low,na,RNA,,,CITDBase,,,,,,,
AC007906.2,0,0,low,na,RNA,,,CITDBase,,,,,,,
AC013470.2,0,0,low,na,RNA,,,CITDBase,,,,,,,
AHSA1,0,0,low,na,RNA,,,CITDBase,,,,,,,
AK8,0,1,low,na,RNA,,,CITDBase,,,,,,,
AMIGO2,0,0,low,na,RNA,,,CITDBase,,,,,,,
ANGPTL5,0,1,low,na,RNA,,,CITDBase,,,,,,,
ANKMY1,0,0,low,na,RNA,,,CITDBase,,,,,,,
ANKRD66,0,0,low,na,RNA,,,CITDBase,,,,,,,
AP000812.5,0,0,low,na,RNA,,,CITDBase,,,,,,,
APOBEC4,0,0,low,na,RNA,,,CITDBase,,,,,,,
C11orf97,0,0,low,na,RNA,,,CITDBase,,,,,,,
C16orf71,0,0,low,na,RNA,,,CITDBase,,,,,,,
C1orf158,0,0,low,na,RNA,,,CITDBase,,,,,,,
C1orf189,0,0,low,na,RNA,,,CITDBase,,,,,,,
C20orf85,0,0,low,na,RNA,,,CITDBase,,,,,,,
C22orf15,0,0,low,na,RNA,,,CITDBase,,,,,,,
C7,0,1,low,na,RNA,,,CITDBase,,,,,,,
C9orf116,0,0,low,na,RNA,,,CITDBase,,,,,,,
CABCOCO1,0,0,low,na,RNA,,,CITDBase,,,,,,,
CACYBP,0,0,low,na,RNA,,,CITDBase,,,,,,,
CATIP,0,0,low,na,RNA,,,CITDBase,,,,,,,
CCDC103,0,0,low,na,RNA,,,CITDBase,,,,,,,
CCDC113,0,0,low,na,RNA,,,CITDBase,,,,,,,
CCDC187,0,0,low,na,RNA,,,CITDBase,,,,,,,
CCDC78,0,0,low,na,RNA,,,CITDBase,,,,,,,
CCDC96,0,0,low,na,RNA,,,CITDBase,,,,,,,
CDHR4,0,0,low,na,RNA,,,CITDBase,,,,,,,
CES4A,0,1,low,na,RNA,,,CITDBase,,,,,,,
CFAP206,1,0,low,na,RNA,,,CITDBase,,,,,,,
CFAP221,0,0,low,na,RNA,,,CITDBase,,,,,,,
CFAP45,0,0,low,na,RNA,,,CITDBase,,,,,,,
CFAP57,0,0,low,na,RNA,,,CITDBase,,,,,,,
CFAP77,0,0,low,na,RNA,,,CITDBase,,,,,,,
CFAP97D2,0,0,low,na,RNA,,,CITDBase,,,,,,,
CHORDC1,0,1,low,na,RNA,,,CITDBase,,,,,,,
CLSTN2,0,1,low,na,RNA,,,CITDBase,,,,,,,
CNGA4,0,1,low,na,RNA,,,CITDBase,,,,,,,
COL1A2,0,1,low,na,RNA,,,CITDBase,,,,,,,
COL5A1,0,1,low,na,RNA,,,CITDBase,,,,,,,
CPZ,0,1,low,na,RNA,,,CITDBase,,,,,,,
DCDC2B,0,0,low,na,RNA,,,CITDBase,,,,,,,
DKK2,0,1,low,na,RNA,,,CITDBase,,,,,,,
DNAAF3,0,0,low,na,RNA,,,CITDBase,,,,,,,
DNAH3,0,0,low,na,RNA,,,CITDBase,,,,,,,
DNAH9,0,0,low,na,RNA,,,CITDBase,,,,,,,
DNAI2,0,1,low,na,RNA,,,CITDBase,,,,,,,
DNAJA1,0,1,low,na,RNA,,,CITDBase,,,,,,,
DNAJB1,0,0,low,na,RNA,,,CITDBase,,,,,,,
DNAJB13,0,0,low,na,RNA,,,CITDBase,,,,,,,
DNAJB4,0,0,low,na,RNA,,,CITDBase,,,,,,,
DNALI1,0,0,low,na,RNA,,,CITDBase,,,,,,,
DRC3,0,0,low,na,RNA,,,CITDBase,,,,,,,
DYDC2,0,1,low,na,RNA,,,CITDBase,,,,,,,
DYNLRB2,0,0,low,na,RNA,,,CITDBase,,,,,,,
EFCAB1,0,0,low,na,RNA,,,CITDBase,,,,,,,
EFCAB10,0,0,low,na,RNA,,,CITDBase,,,,,,,
EFCAB13,0,0,low,na,RNA,,,CITDBase,,,,,,,
EFHB,0,0,low,na,RNA,,,CITDBase,,,,,,,
ENKUR,0,0,low,na,RNA,,,CITDBase,,,,,,,
FAM167B,0,0,low,na,RNA,,,CITDBase,,,,,,,
FAM183A,0,0,low,na,RNA,,,CITDBase,,,,,,,
FAM187A,0,0,low,na,RNA,,,CITDBase,,,,,,,
FAM81B,0,0,low,na,RNA,,,CITDBase,,,,,,,
FAM92B,0,0,low,na,RNA,,,CITDBase,,,,,,,
FBXO21,0,0,low,na,RNA,,,CITDBase,,,,,,,
FKBP4,1,1,low,na,RNA,,,CITDBase,,,,,,,
FOXJ1,0,0,low,na,RNA,,,CITDBase,,,,,,,
FOXL2NB,0,1,low,na,RNA,,,CITDBase,,,,,,,
GAS2L2,0,0,low,na,RNA,,,CITDBase,,,,,,,
GREB1,0,0,low,na,RNA,,,CITDBase,,,,,,,
HOXA11,1,1,low,na,RNA,,,CITDBase,,,,,,,
HOXA13,1,0,low,na,RNA,,,CITDBase,,,,,,,
HOXD11,0,0,low,na,RNA,,,CITDBase,,,,,,,
HSP90AA1,0,1,low,na,RNA,,,CITDBase,,,,,,,
HSPA1A,0,1,low,na,RNA,,,CITDBase,,,,,,,
HSPA1B,0,1,low,na,RNA,,,CITDBase,,,,,,,
HSPA1L,0,0,low,na,RNA,,,CITDBase,,,,,,,
HSPH1,0,1,low,na,RNA,,,CITDBase,,,,,,,
IFT46,0,0,low,na,RNA,,,CITDBase,,,,,,,
IL19,0,1,low,na,RNA,,,CITDBase,,,,,,,
KCNG1,0,1,low,na,RNA,,,CITDBase,,,,,,,
KCNRG,0,1,low,na,RNA,,,CITDBase,,,,,,,
LDLRAD1,0,0,low,na,RNA,,,CITDBase,,,,,,,
LEFTY2,0,1,low,na,RNA,,,CITDBase,,,,,,,
LPAR3,0,1,low,na,RNA,,,CITDBase,,,,,,,
LRRC17,0,1,low,na,RNA,,,CITDBase,,,,,,,
LRRC23,0,0,low,na,RNA,,,CITDBase,,,,,,,
LRRC43,0,0,low,na,RNA,,,CITDBase,,,,,,,
LRRC46,0,0,low,na,RNA,,,CITDBase,,,,,,,
LRTOMT,0,1,low,na,RNA,,,CITDBase,,,,,,,
LYPD1,0,0,low,na,RNA,,,CITDBase,,,,,,,
MAP3K11,0,1,low,na,RNA,,,CITDBase,,,,,,,
MICB,0,1,low,na,RNA,,,CITDBase,,,,,,,
MMP10,0,1,low,na,RNA,,,CITDBase,,,,,,,
MORN5,0,0,low,na,RNA,,,CITDBase,,,,,,,
MSX1,0,1,low,na,RNA,,,CITDBase,,,,,,,
MUC16,0,1,low,na,RNA,,,CITDBase,,,,,,,
MUM1L1,0,0,low,na,RNA,,,CITDBase,,,,,,,
NDP,0,1,low,low,RNA,,,CITDBase,,,,,,,
NHLRC4,0,0,low,na,RNA,,,CITDBase,,,,,,,
NME9,0,1,low,na,RNA,,,CITDBase,,,,,,,
OBP2A,0,1,low,na,RNA,,,CITDBase,,,,,,,
OSCP1,0,0,low,na,RNA,,,CITDBase,,,,,,,
OSR2,0,0,low,na,RNA,,,CITDBase,,,,,,,
PCDH11X,0,0,low,na,RNA,,,CITDBase,,,,,,,
PIH1D3,0,0,low,na,RNA,,,CITDBase,,,,,,,
PROK1,0,1,low,na,RNA,,,CITDBase,,,,,,,
PRPS2,0,1,low,na,RNA,,,CITDBase,,,,,,,
PRR29,0,1,low,na,RNA,,,CITDBase,,,,,,,
RAP2C,0,1,low,na,RNA,,,CITDBase,,,,,,,
REM1,0,1,low,na,RNA,,,CITDBase,,,,,,,
RNF122,0,0,low,na,RNA,,,CITDBase,,,,,,,
RSPH10B2,0,0,low,na,RNA,,,CITDBase,,,,,,,
RSPO1,1,1,low,na,RNA,,,CITDBase,,,,,,,
SAXO2,0,0,low,na,RNA,,,CITDBase,,,,,,,
SCGB1D2,0,1,low,na,RNA,,,CITDBase,,,,,,,
SERPINH1,0,1,low,na,RNA,,,CITDBase,,,,,,,
SERTM2,0,0,low,na,RNA,,,CITDBase,,,,,,,
SIGLEC11,0,1,low,na,RNA,,,CITDBase,,,,,,,
SLC15A2,0,1,low,na,RNA,,,CITDBase,,,,,,,
SNCAIP,0,0,low,na,RNA,,,CITDBase,,,,,,,
SNTN,0,0,low,na,RNA,,,CITDBase,,,,,,,
SOX3,0,0,low,na,RNA,,,CITDBase,,,,,,,
SPACA9,0,0,low,na,RNA,,,CITDBase,,,,,,,
SPATA18,0,0,low,na,RNA,,,CITDBase,,,,,,,
STIP1,0,0,low,na,RNA,,,CITDBase,,,,,,,
STMND1,0,0,low,na,RNA,,,CITDBase,,,,,,,
STOML3,0,0,low,na,RNA,,,CITDBase,,,,,,,
STX18,0,0,low,na,RNA,,,CITDBase,,,,,,,
TCF23,0,0,low,na,RNA,,,CITDBase,,,,,,,
TCTE1,0,0,low,na,RNA,,,CITDBase,,,,,,,
TEKT1,0,0,low,na,RNA,,,CITDBase,,,,,,,
THEGL,0,0,low,na,RNA,,,CITDBase,,,,,,,
TMEM200A,0,0,low,na,RNA,,,CITDBase,,,,,,,
TMEM260,0,0,low,na,RNA,,,CITDBase,,,,,,,
TPPP3,0,0,low,na,RNA,,,CITDBase,,,,,,,
TTC16,0,0,low,na,RNA,,,CITDBase,,,,,,,
TTC25,0,0,low,na,RNA,,,CITDBase,,,,,,,
TTC28,0,1,low,na,RNA,,,CITDBase,,,,,,,
TTLL10,0,0,low,na,RNA,,,CITDBase,,,,,,,
TUBA4B,0,1,low,na,RNA,,,CITDBase,,,,,,,
UBXN10,0,0,low,na,RNA,,,CITDBase,,,,,,,
VWA3B,0,1,low,na,RNA,,,CITDBase,,,,,,,
WDR38,0,0,low,na,RNA,,,CITDBase,,,,,,,
WDR54,0,0,low,na,RNA,,,CITDBase,,,,,,,
WDR77,0,0,low,na,RNA,,,CITDBase,,,,,,,
ZMYND10,0,0,low,na,RNA,,,CITDBase,,,,,,,