gene name,ensembl ID,association score overall,normalized RNA expression,Ovarian stroma cells,Follicle cells
BBS4,ENSG00000140463,1,14.8,not detected,na
BBS1,ENSG00000174483,1,30.4,not detected,not detected
NR0B1,ENSG00000169297,1,3.5,na,na
FSHR,ENSG00000170820,1,6.5,na,na
NR5A1,ENSG00000136931,1,13.1,na,na
BBS7,ENSG00000138686,1,18.5,not detected,not detected
FGFR1,ENSG00000077782,1,42,not detected,low
MAGEL2,ENSG00000254585,1,7.2,na,na
GALT,ENSG00000213930,1,8.7,low,na
BBS5,ENSG00000163093,1,9.3,not detected,na
FOXL2,ENSG00000183770,1,55.5,medium,medium
CYP19A1,ENSG00000137869,1,4.4,not detected,low
GNRH1,ENSG00000147437,1,4.3,not detected,not detected
TTC8,ENSG00000165533,1,49.9,na,na
LEPR,ENSG00000116678,1,18.4,not detected,not detected
CEP290,ENSG00000198707,1,17.7,low,high
BBS9,ENSG00000122507,1,13.4,not detected,medium
STAR,ENSG00000147465,1,124.6,not detected,not detected
DCAF17,ENSG00000115827,1,14.1,not detected,not detected
CYP21A2,ENSG00000231852,1,0.2,not detected,na
WNT4,ENSG00000162552,1,34.3,not detected,na
HARS2,ENSG00000112855,1,17.4,medium,medium
ESR1,ENSG00000091831,1,14.2,not detected,not detected
BBS2,ENSG00000125124,1,26.3,not detected,not detected
ESR2,ENSG00000140009,1,19.1,low,not detected
BBIP1,ENSG00000214413,1,14.9,not detected,not detected
MKS1,ENSG00000011143,1,20.6,not detected,na
TBX19,ENSG00000143178,1,2.9,not detected,not detected
C8orf37,ENSG00000156172,1,13,not detected,medium
GATA4,ENSG00000136574,1,63.4,high,not detected
IFT74,ENSG00000096872,1,14,not detected,low
LHX4,ENSG00000121454,1,2.2,na,na
IL17RD,ENSG00000144730,1,12.6,medium,na
MEN1,ENSG00000133895,1,19.7,not detected,not detected
TMEM67,ENSG00000164953,1,8.6,na,na
SIGMAR1,ENSG00000147955,1,20.1,medium,high
AR,ENSG00000169083,1,14.4,not detected,na
IFT172,ENSG00000138002,1,16.1,not detected,not detected
PGR,ENSG00000082175,1,10.6,medium,not detected
LHCGR,ENSG00000138039,1,5,low,na
RBM28,ENSG00000106344,1,19.7,not detected,medium
PABPC1L,ENSG00000101104,1,16.9,na,na
IL11RA,ENSG00000137070,1,11.5,low,na
IFT27,ENSG00000100360,1,14.9,not detected,not detected
STAG3,ENSG00000066923,1,0.4,not detected,low
NR2F2,ENSG00000185551,1,105.1,na,na
RNPC3,ENSG00000185946,1,27.2,na,na
INSR,ENSG00000171105,1,28.3,not detected,medium
WEE2,ENSG00000214102,1,1.2,low,na
FLRT3,ENSG00000125848,1,11.9,not detected,medium
SSTR3,ENSG00000278195,1,5.8,not detected,na
CCDC170,ENSG00000120262,1,14.4,not detected,not detected
NDNF,ENSG00000173376,1,21.3,na,na
ZNF596,ENSG00000172748,1,7.8,not detected,low
GRIN3B,ENSG00000116032,1,0.2,na,na
DRD4,ENSG00000069696,1,3.4,na,na
POLD2,ENSG00000106628,0.814932317,24.4,not detected,high
POLA2,ENSG00000014138,0.814932317,10.3,low,na
SCN5A,ENSG00000183873,0.808680556,0.6,na,na
SLC6A3,ENSG00000142319,0.779197584,1.5,not detected,not detected
SCN7A,ENSG00000136546,0.75,33.3,not detected,not detected
F10,ENSG00000126218,0.75,18.2,na,na
GRIK4,ENSG00000149403,0.7,8.5,not detected,not detected
ZFPM2,ENSG00000169946,0.507738889,37.8,medium,na
LEPROT,ENSG00000213625,0.501136389,28.7,na,na
AKT3,ENSG00000117020,0.453545148,29.8,medium,na
ACBD6,ENSG00000230124,0.447416667,10.5,low,medium
NDN,ENSG00000182636,0.3827249,50.7,na,na
HERC2,ENSG00000128731,0.374250911,8.5,low,low
KIT,ENSG00000157404,0.350761722,28.5,not detected,high
HDAC6,ENSG00000094631,0.350683947,18.7,not detected,na
BMP4,ENSG00000125378,0.339140057,12,not detected,not detected
MECP2,ENSG00000169057,0.335048232,29,high,high
WT1,ENSG00000184937,0.334967406,53.4,medium,na
ALMS1,ENSG00000116127,0.334833999,11,not detected,na
IFT88,ENSG00000032742,0.331511211,11.9,na,na
GPC3,ENSG00000147257,0.329096331,6,na,na
BGLAP,ENSG00000242252,0.328108616,3.4,na,na
ADCY3,ENSG00000138031,0.32759912,29.5,not detected,na
APOE,ENSG00000130203,0.327463277,23.5,not detected,medium
IRS2,ENSG00000185950,0.327463229,27.1,low,na
GLI3,ENSG00000106571,0.327004464,17.6,not detected,low
ASIP,ENSG00000101440,0.326990068,24.8,not detected,not detected
PKD1,ENSG00000008710,0.326910226,6.8,not detected,not detected
AMHR2,ENSG00000135409,0.326520238,38.2,na,na
THRA,ENSG00000126351,0.326235357,46.5,medium,low
LHX9,ENSG00000143355,0.325910358,22.1,low,na
HFE,ENSG00000010704,0.325904935,8.1,not detected,medium
LDLR,ENSG00000130164,0.325705157,42.4,not detected,na
IGF2,ENSG00000167244,0.325669061,20.4,not detected,not detected
BICC1,ENSG00000122870,0.325629739,19,na,na
TUB,ENSG00000166402,0.325486643,17.9,not detected,not detected
PKD2,ENSG00000118762,0.325242961,27,low,na
RAI1,ENSG00000108557,0.324108605,17.3,not detected,high
CYS1,ENSG00000205795,0.323926244,6.9,na,na
LMNA,ENSG00000160789,0.32386279,60.3,high,medium
FGFR2,ENSG00000066468,0.323649154,7.4,not detected,na
TCF7L2,ENSG00000148737,0.323584219,25.6,high,na
NEIL1,ENSG00000140398,0.323460825,11,not detected,na
NPHP3-ACAD11,ENSG00000274810,0.323315802,6,na,na
NPHP3,ENSG00000113971,0.323315802,19.2,not detected,high
DNAH11,ENSG00000105877,0.323088183,7.2,not detected,not detected
PTK7,ENSG00000112655,0.322791038,42.6,medium,na
CDKN2C,ENSG00000123080,0.322418208,22.5,low,medium
ZBTB16,ENSG00000109906,0.322254464,41.6,not detected,not detected
TULP3,ENSG00000078246,0.322150511,37.1,not detected,not detected
TWIST1,ENSG00000122691,0.321778331,6.2,na,na
SALL1,ENSG00000103449,0.321625196,5.2,high,high
CDKN1A,ENSG00000124762,0.321561005,59.1,low,low
SMARCA2,ENSG00000080503,0.321224222,85,medium,medium
WWTR1,ENSG00000018408,0.321214242,30.9,not detected,medium
IFT140,ENSG00000187535,0.321212724,12.4,not detected,na
CDKN1C,ENSG00000129757,0.321192776,30.9,low,not detected
CC2D2A,ENSG00000048342,0.320925906,6.5,not detected,na
CTF1,ENSG00000150281,0.320887666,21.9,low,na
ARNT2,ENSG00000172379,0.320742775,9.3,medium,not detected
TCF21,ENSG00000118526,0.320467128,61.6,low,na
TLR5,ENSG00000187554,0.320348102,22.5,na,na
MCHR1,ENSG00000128285,0.320100525,5.1,na,na
GADD45G,ENSG00000130222,0.320029025,14.1,not detected,not detected
ZGLP1,ENSG00000220201,0.319853817,3.9,medium,low
DZIP1L,ENSG00000158163,0.319610911,12.4,not detected,na
PDGFRB,ENSG00000113721,0.319526678,46.5,medium,not detected
C2CD5,ENSG00000111731,0.319513825,17.4,medium,medium
CBX2,ENSG00000173894,0.319430157,4.1,not detected,not detected
MAP3K4,ENSG00000085511,0.319394487,17.4,low,low
LGR4,ENSG00000205213,0.319334651,12.5,not detected,na
CDK4,ENSG00000135446,0.319193526,61.4,medium,medium
DACT1,ENSG00000165617,0.319144828,21.8,not detected,high
CYP11A1,ENSG00000140459,0.319123268,9.2,not detected,not detected
LRP6,ENSG00000070018,0.318902259,13.1,not detected,na
BRD2,ENSG00000204256,0.318087666,40.6,not detected,na
SELENOM,ENSG00000198832,0.318087666,49.9,low,medium
PLSCR3,ENSG00000187838,0.318087666,19.9,medium,na
STAT5B,ENSG00000173757,0.318087666,34.4,not detected,not detected
PEX11A,ENSG00000166821,0.318087666,11.9,na,na
PTPN13,ENSG00000163629,0.318087666,24.1,not detected,low
TYK2,ENSG00000105397,0.318087666,20,medium,na
GDNF,ENSG00000168621,0.318028319,4.5,not detected,not detected
YTHDC2,ENSG00000047188,0.31797455,19.9,not detected,na
CDK2,ENSG00000123374,0.317862179,14.2,not detected,na
SMAD3,ENSG00000166949,0.317519403,23,not detected,na
FAT4,ENSG00000196159,0.317389619,5.3,medium,medium
TSC1,ENSG00000165699,0.317389619,21.2,high,high
EGR1,ENSG00000120738,0.317141302,130.9,high,na
HSD11B1,ENSG00000117594,0.316835784,12.6,not detected,not detected
TTC26,ENSG00000105948,0.316408171,8.8,not detected,not detected
FREM2,ENSG00000150893,0.316343217,1.8,low,high
SCARB1,ENSG00000073060,0.316209719,14.3,not detected,not detected
CPLANE1,ENSG00000197603,0.316015068,14.2,low,na
FUZ,ENSG00000010361,0.315874833,9.8,not detected,low
DDR2,ENSG00000162733,0.315827546,26.4,na,na
IFT122,ENSG00000163913,0.315778572,19,not detected,na
EIF3CL,ENSG00000205609,0.315775849,7.3,not detected,na
KIF7,ENSG00000166813,0.315775849,10.9,low,na
INTU,ENSG00000164066,0.315775849,9.9,not detected,high
PRPH2,ENSG00000112619,0.315496843,3.4,not detected,na
HMOX1,ENSG00000100292,0.315401679,28.6,not detected,na
PDGFRA,ENSG00000134853,0.315003831,81.5,medium,medium
COL1A1,ENSG00000108821,0.314908728,73.6,high,na
FAS,ENSG00000026103,0.314895113,24.7,not detected,na
FSCN2,ENSG00000186765,0.314496843,1.2,not detected,na
DYNC2H1,ENSG00000187240,0.31394864,11.4,not detected,na
B9D1,ENSG00000108641,0.313596398,12.4,not detected,na
RPL38,ENSG00000172809,0.313520854,258.2,not detected,low
CPLANE2,ENSG00000132881,0.313520854,10.1,low,medium
GLIS3,ENSG00000107249,0.313467986,10.4,low,medium
RPGRIP1L,ENSG00000103494,0.313343811,6.5,not detected,na
CEBPB,ENSG00000172216,0.313205089,33.6,medium,na
ACD,ENSG00000102977,0.313114942,23.2,not detected,medium
GLI2,ENSG00000074047,0.312899442,23.3,high,na
CLCN2,ENSG00000114859,0.312695775,6.1,not detected,not detected
TBX6,ENSG00000149922,0.312571088,1.9,na,na
BMPR1B,ENSG00000138696,0.312430612,7.6,na,na
COL2A1,ENSG00000139219,0.312317332,1.3,not detected,not detected
C3,ENSG00000125730,0.312294073,42.4,low,medium
TARDBP,ENSG00000120948,0.312279272,53,low,na
TSC2,ENSG00000103197,0.311860432,21.1,low,medium
INVS,ENSG00000119509,0.311828242,19.2,na,na
ROR2,ENSG00000169071,0.311809102,19.1,medium,na
IGFBP3,ENSG00000146674,0.311701925,49.2,na,na
DISP1,ENSG00000154309,0.311414984,6.5,not detected,na
PRICKLE1,ENSG00000139174,0.31122107,16.3,not detected,not detected
COL4A3,ENSG00000169031,0.311179836,3.6,not detected,not detected
AQP11,ENSG00000178301,0.310869047,9.3,na,na
MMP14,ENSG00000157227,0.310602527,39.3,not detected,low
WDR19,ENSG00000157796,0.310409386,19,not detected,high
PCSK5,ENSG00000099139,0.310314942,17.2,not detected,not detected
VANGL2,ENSG00000162738,0.309953546,10.9,not detected,not detected
INHA,ENSG00000123999,0.309898513,31.5,not detected,high
FANCL,ENSG00000115392,0.309873123,21.3,not detected,medium
ID2,ENSG00000115738,0.309838525,59.7,na,na
CBFA2T2,ENSG00000078699,0.309829746,21,medium,medium
SIX5,ENSG00000177045,0.30947495,25.6,not detected,na
AGPAT1,ENSG00000204310,0.309089024,33.1,high,na
RPL24,ENSG00000114391,0.30905532,174.7,medium,high
LRP5,ENSG00000162337,0.309047145,11.8,not detected,low
PRKAR2B,ENSG00000005249,0.309044073,19.5,medium,na
PEG3,ENSG00000198300,0.308897641,106.4,high,na
FOXO3,ENSG00000118689,0.308260091,28.8,medium,medium
DPH1,ENSG00000108963,0.308187778,25.2,not detected,medium
PTGIS,ENSG00000124212,0.30794863,51.2,not detected,not detected
ARNTL,ENSG00000133794,0.307433292,21.1,medium,na
SUGCT,ENSG00000175600,0.306971362,5.7,not detected,not detected
TMEM231,ENSG00000205084,0.306914942,14.3,not detected,low
FIGN,ENSG00000182263,0.306914942,14.3,medium,na
SKI,ENSG00000157933,0.306914942,10.4,low,na
TCTN3,ENSG00000119977,0.306914942,25.9,not detected,na
QSOX1,ENSG00000116260,0.306914942,46.5,na,na
MAP3K20,ENSG00000091436,0.306914942,21.7,not detected,na
HSF2BP,ENSG00000160207,0.306655964,1.4,not detected,na
CRTAP,ENSG00000170275,0.304814194,48.5,high,high
INPP5E,ENSG00000148384,0.303750978,14.7,not detected,not detected
HS6ST1,ENSG00000136720,0.303538889,16.2,na,na
PBX1,ENSG00000185630,0.303291679,35.2,high,not detected
CLTRN,ENSG00000147003,0.302207983,0.8,not detected,not detected
WDR35,ENSG00000118965,0.301536065,14.8,not detected,na
OXTR,ENSG00000180914,0.301503316,2.8,na,na
ENPP1,ENSG00000197594,0.301463152,7.3,not detected,na
TOB2,ENSG00000183864,0.301463152,21.8,not detected,not detected
FHL2,ENSG00000115641,0.301463152,80.7,medium,medium
EFEMP1,ENSG00000115380,0.301463152,52.9,low,not detected
CNOT3,ENSG00000088038,0.301463152,28,low,na
GABBR1,ENSG00000204681,0.30071992,7.8,not detected,not detected
LGALS3,ENSG00000131981,0.30053921,58.9,high,not detected
GLIS2,ENSG00000126603,0.300432161,8,na,na
SYNE2,ENSG00000054654,0.3,22.8,low,na
FAH,ENSG00000103876,0.299915668,7.2,not detected,not detected
TCTN1,ENSG00000204852,0.299539587,15.5,low,na
TCTN2,ENSG00000168778,0.299539587,18,not detected,na
CDK20,ENSG00000156345,0.299539587,9.5,not detected,na
IFT80,ENSG00000068885,0.299539587,15.2,low,not detected
BCAM,ENSG00000187244,0.299177069,30.4,not detected,medium
ARL3,ENSG00000138175,0.298871122,25.2,medium,na
CCNB1IP1,ENSG00000100814,0.298152778,49.1,na,na
PTPRS,ENSG00000105426,0.298111667,29.2,na,na
SH2B1,ENSG00000178188,0.298041111,39.7,low,na
RAB28,ENSG00000157869,0.297690061,18.1,low,low
TMEM218,ENSG00000150433,0.297217144,17.8,not detected,na
WHRN,ENSG00000095397,0.297122144,12.6,na,na
MSH5,ENSG00000204410,0.29698375,6.9,na,na
NFIA,ENSG00000162599,0.296310112,22.1,medium,not detected
EPHB4,ENSG00000196411,0.296271122,24.6,low,na
ROBO2,ENSG00000185008,0.296271122,9.4,not detected,low
DCHS1,ENSG00000166341,0.296271122,13.7,not detected,not detected
FLCN,ENSG00000154803,0.296271122,25.2,low,na
DLG5,ENSG00000151208,0.296271122,9.8,na,na
LZTS2,ENSG00000107816,0.296271122,30.1,not detected,na
XYLT2,ENSG00000015532,0.296271122,11.8,na,na
TRPC1,ENSG00000144935,0.296237517,24.5,medium,medium
PTDSS2,ENSG00000174915,0.29610152,17.6,low,na
TAF4B,ENSG00000141384,0.296060417,8.1,not detected,low
PRLR,ENSG00000113494,0.295797389,3.2,na,na
TNKS,ENSG00000173273,0.295588567,19.2,not detected,medium
PRPF8,ENSG00000174231,0.294990061,47.7,not detected,na
PRPF3,ENSG00000117360,0.294990061,32.7,not detected,low
TULP1,ENSG00000112041,0.294990061,1.3,na,na
NFE2L2,ENSG00000116044,0.294751642,53.1,medium,low
LIFR,ENSG00000113594,0.294163489,17.9,na,na
IMPDH2,ENSG00000178035,0.293540816,89,medium,medium
WDR13,ENSG00000101940,0.293278391,35,low,na
HFM1,ENSG00000162669,0.292722222,6.4,na,na
SUN1,ENSG00000164828,0.291945772,39.6,high,low
MAGI2,ENSG00000187391,0.2917452,11.5,not detected,na
GAS1,ENSG00000180447,0.291684766,31.5,medium,medium
MYO7A,ENSG00000137474,0.291554122,4.4,not detected,na
MERTK,ENSG00000153208,0.291326172,12.9,not detected,high
PGAP1,ENSG00000197121,0.291285172,13,na,na
ADRB3,ENSG00000188778,0.291121072,15.7,not detected,not detected
MARK4,ENSG00000007047,0.291121072,21,not detected,not detected
TMEM18,ENSG00000151353,0.290008935,43.7,not detected,not detected
SAFB,ENSG00000160633,0.289625072,35,high,high
MDK,ENSG00000110492,0.28862125,115.9,low,low
ATXN2,ENSG00000204842,0.287506059,30.2,not detected,medium
TMPRSS9,ENSG00000178297,0.287506059,0.2,low,not detected
PDGFD,ENSG00000170962,0.287506059,33.4,not detected,low
THBS3,ENSG00000169231,0.287506059,17.5,not detected,na
FAHD2B,ENSG00000144199,0.287506059,10.3,not detected,na
SLC47A1,ENSG00000142494,0.287506059,5,not detected,na
FOXP2,ENSG00000128573,0.287506059,11.1,medium,low
FAHD2A,ENSG00000115042,0.287506059,11.7,not detected,na
EMD,ENSG00000102119,0.287506059,35.9,low,medium
HELQ,ENSG00000163312,0.286802761,17.4,not detected,na
IDUA,ENSG00000127415,0.286696348,14.6,not detected,low
DNAAF4,ENSG00000256061,0.284722222,4.8,low,medium
SLC7A8,ENSG00000092068,0.284722222,33.7,not detected,not detected
NPHP1,ENSG00000144061,0.284530278,5.4,low,low
TMEM248,ENSG00000106609,0.284489722,40.8,not detected,medium
FGF10,ENSG00000070193,0.284440972,26.4,not detected,na
INPPL1,ENSG00000165458,0.284012361,30.1,low,low
TWIST2,ENSG00000233608,0.283471111,15.6,na,na
TDRD12,ENSG00000173809,0.283307761,1.8,na,na
RBM5,ENSG00000003756,0.283307761,63.5,medium,high
POMZP3,ENSG00000146707,0.283243056,5.8,not detected,na
SLC22A5,ENSG00000197375,0.283234861,3.9,na,na
DIP2C,ENSG00000151240,0.283068889,18.1,not detected,medium
CCNI,ENSG00000118816,0.28232125,94.9,not detected,medium
ACVR2B,ENSG00000114739,0.280696617,8.3,not detected,low
ROBO1,ENSG00000169855,0.279820278,18.4,medium,na
ZNF521,ENSG00000198795,0.279110639,20.5,medium,medium
SLC6A6,ENSG00000131389,0.278888889,31.3,not detected,high
IQCG,ENSG00000114473,0.278315972,5,not detected,not detected
RAPGEF3,ENSG00000079337,0.277839793,30.9,not detected,na
RAD50,ENSG00000113522,0.277207361,11.8,medium,high
LAMA2,ENSG00000196569,0.276334722,33,not detected,not detected
DVL3,ENSG00000161202,0.275902778,30,not detected,high
STX2,ENSG00000111450,0.275736111,16,not detected,not detected
ARX,ENSG00000004848,0.275192222,58.7,na,na
CRYGD,ENSG00000118231,0.275180357,17.7,not detected,not detected
GPRASP2,ENSG00000158301,0.274987571,24.8,medium,na
NR1H4,ENSG00000012504,0.274229122,7.7,na,na
KIRREL1,ENSG00000183853,0.273720278,32.6,not detected,not detected
TDRP,ENSG00000180190,0.273720278,13,low,na
MAPK7,ENSG00000166484,0.273720278,25.4,medium,medium
H3-3B,ENSG00000132475,0.273720278,141,high,medium
AMER1,ENSG00000184675,0.273385417,15.5,medium,low
EDC3,ENSG00000179151,0.273385417,19.7,low,na
PIWIL2,ENSG00000197181,0.272707361,1.9,na,na
GK5,ENSG00000175066,0.272582933,11.5,not detected,na
LHFPL2,ENSG00000145685,0.272222222,18.7,not detected,na
AKAP12,ENSG00000131016,0.272222222,49,high,not detected
SLC24A1,ENSG00000074621,0.272222222,9.7,not detected,low
EMX2,ENSG00000170370,0.27211875,5.7,not detected,medium
KLF15,ENSG00000163884,0.271831111,40.6,not detected,na
ADRA2A,ENSG00000150594,0.271831111,15.5,na,na
ACADL,ENSG00000115361,0.271831111,12.2,not detected,na
PPARD,ENSG00000112033,0.271831111,21.6,medium,na
GGA2,ENSG00000103365,0.271831111,25.1,not detected,low
GGA1,ENSG00000100083,0.271831111,18.1,medium,low
H6PD,ENSG00000049239,0.271808889,38.3,medium,na
TGFB2,ENSG00000092969,0.271393333,8.1,na,na
RALGAPA1,ENSG00000174373,0.271259244,28.1,not detected,not detected
ZCWPW1,ENSG00000078487,0.270150556,5.9,na,na
LTBP3,ENSG00000168056,0.268592233,55.1,na,na
POLG2,ENSG00000256525,0.267303889,13,high,na
PCARE,ENSG00000179270,0.267303889,2,na,na
FAM161A,ENSG00000170264,0.267303889,13.5,not detected,not detected
CHTOP,ENSG00000160679,0.267303889,34.6,high,high
ROM1,ENSG00000149489,0.267303889,13.2,not detected,not detected
ATP1B2,ENSG00000129244,0.267303889,23.3,not detected,not detected
IRF3,ENSG00000126456,0.267303889,23.5,low,na
JUND,ENSG00000130522,0.266968333,78.1,medium,not detected
SPTBN4,ENSG00000160460,0.266593889,4.1,not detected,medium
CHGB,ENSG00000089199,0.265661194,3,not detected,not detected
ADAMTS17,ENSG00000140470,0.263378874,3,na,na
EPHB2,ENSG00000133216,0.261864111,17.9,medium,na
CHRM3,ENSG00000133019,0.261111111,4.3,not detected,low
SLC23A2,ENSG00000089057,0.259951111,29.4,not detected,na
WNT5A,ENSG00000114251,0.259255556,8.2,na,na
DHCR7,ENSG00000172893,0.256655556,21.5,medium,high
RFNG,ENSG00000169733,0.256655556,19.7,not detected,low
HAAO,ENSG00000162882,0.256655556,5,not detected,na
ADAMTS5,ENSG00000154736,0.256655556,14.9,not detected,low
HSF4,ENSG00000102878,0.256477778,7.1,na,na
CITED2,ENSG00000164442,0.253068333,84,high,na
GATM,ENSG00000171766,0.2526,17.6,low,na
SGCD,ENSG00000170624,0.252295556,10.4,na,na
MAG,ENSG00000105695,0.252295,21.8,low,medium
LY6E,ENSG00000160932,0.251865556,41.2,na,na
HSF1,ENSG00000185122,0.251,32.4,medium,na
RARA,ENSG00000131759,0.250457778,50,na,na
NPR1,ENSG00000169418,0.25039,19.5,na,na
EWSR1,ENSG00000182944,0.25,38.4,medium,high
RYK,ENSG00000163785,0.25,39.7,low,medium
ANTXR2,ENSG00000163297,0.25,23.5,na,na
SYCE2,ENSG00000161860,0.25,0.8,not detected,not detected
PSKH1,ENSG00000159792,0.25,21.2,medium,medium
FZD1,ENSG00000157240,0.25,15,low,na
DHX58,ENSG00000108771,0.25,12.9,low,low
BMF,ENSG00000104081,0.25,8.9,low,low
NISCH,ENSG00000010322,0.25,30.7,not detected,medium
MORC2,ENSG00000133422,0.248875,8.1,medium,na
PATZ1,ENSG00000100105,0.248875,27.7,not detected,high
MSH4,ENSG00000057468,0.248875,1,na,na
UNC5C,ENSG00000182168,0.248212222,6.2,na,na
CCDC122,ENSG00000151773,0.248212222,12.2,not detected,medium
SLC25A25,ENSG00000148339,0.248212222,13.6,not detected,not detected
OSMR,ENSG00000145623,0.248212222,33.6,not detected,na
CDO1,ENSG00000129596,0.248212222,8.7,not detected,not detected
FFAR1,ENSG00000126266,0.248212222,4.8,na,na
BCAT2,ENSG00000105552,0.248212222,22.3,low,na
CCDC80,ENSG00000091986,0.248212222,53.3,not detected,na
SMYD4,ENSG00000186532,0.248076111,15.5,not detected,high
PRDX4,ENSG00000123131,0.248076111,14.6,not detected,high
PHF13,ENSG00000116273,0.248076111,14.7,not detected,low
CPEB1,ENSG00000214575,0.24787,15.4,na,na
ZSWIM7,ENSG00000214941,0.246905,14.3,medium,medium
TIAL1,ENSG00000151923,0.246905,34.6,na,na
JAM3,ENSG00000166086,0.246775,32,low,na
TSHZ1,ENSG00000179981,0.246625,41.6,medium,na
NHS,ENSG00000188158,0.245217778,7.8,low,high
SH3PXD2B,ENSG00000174705,0.24504,18.1,medium,na
KIF27,ENSG00000165115,0.245027222,7.2,na,na
SLC19A2,ENSG00000117479,0.244375,10.3,low,medium
SCML2,ENSG00000102098,0.244375,9.5,not detected,not detected
MOV10L1,ENSG00000073146,0.244375,1.8,not detected,not detected
SYTL4,ENSG00000102362,0.24436,47.3,not detected,medium
SOX5,ENSG00000134532,0.243625,9.1,na,na
FGFRL1,ENSG00000127418,0.243625,14,not detected,medium
LTBP4,ENSG00000090006,0.243625,47.6,medium,na
EFEMP2,ENSG00000172638,0.24146,39.7,low,na
PON3,ENSG00000105852,0.235275,2.4,not detected,not detected
WNK4,ENSG00000126562,0.23477,14.6,not detected,na
PTCH2,ENSG00000117425,0.2328,19.1,na,na
HDAC3,ENSG00000171720,0.2326,17.3,medium,low
SLC39A13,ENSG00000165915,0.2324,21.3,not detected,not detected
LARGE1,ENSG00000133424,0.2317,9.2,na,na
FKRP,ENSG00000181027,0.227075,13.3,not detected,na
PXDN,ENSG00000130508,0.227075,19.2,low,not detected
MTUS1,ENSG00000129422,0.2264,28.2,na,na
ATRAID,ENSG00000138085,0.2252,46.5,not detected,na
NDUFS2,ENSG00000158864,0.2225,14.1,medium,high
COMT,ENSG00000093010,0.211225,36.3,low,medium
ANTXR1,ENSG00000169604,0.210275,45.5,na,na
SPIDR,ENSG00000164808,0.2079,28.4,low,na
NTF3,ENSG00000185652,0.207038889,16.8,not detected,na
CBS,ENSG00000160200,0.207038889,13.9,not detected,not detected
AKT2,ENSG00000105221,0.2062,27.8,low,na
POR,ENSG00000127948,0.2039,14.4,medium,high
CCS,ENSG00000173992,0.2029125,20.8,low,high
ZFP36L2,ENSG00000152518,0.2029,63.7,not detected,na
ENG,ENSG00000106991,0.201,66.4,not detected,not detected
PCDHA10,ENSG00000250120,0.2,2.8,na,na
GNL1,ENSG00000204590,0.2,25.9,medium,not detected
SRC,ENSG00000197122,0.2,15.8,not detected,na
PLA2G2A,ENSG00000188257,0.2,35.6,not detected,low
IMMP2L,ENSG00000184903,0.2,14.4,medium,high
GAS6,ENSG00000183087,0.2,33,not detected,na
PJA1,ENSG00000181191,0.2,16.2,low,medium
FZD4,ENSG00000174804,0.2,12.8,not detected,not detected
RESF1,ENSG00000174718,0.2,38.3,not detected,medium
C1QTNF1,ENSG00000173918,0.2,25.2,low,na
LAMB2,ENSG00000172037,0.2,56,not detected,not detected
PDE7B,ENSG00000171408,0.2,22.7,low,not detected
ZRSR2,ENSG00000169249,0.2,16.7,na,na
PBX3,ENSG00000167081,0.2,35,medium,na
PKD1L2,ENSG00000166473,0.2,,na,na
IL17RC,ENSG00000163702,0.2,9.9,not detected,low
STK36,ENSG00000163482,0.2,13.6,not detected,medium
SCUBE1,ENSG00000159307,0.2,35.8,not detected,not detected
EDA,ENSG00000158813,0.2,7.9,na,na
LSM14B,ENSG00000149657,0.2,30.6,not detected,low
GAS2,ENSG00000148935,0.2,2.3,not detected,not detected
RABL2A,ENSG00000144134,0.2,7.4,not detected,not detected
ARNT,ENSG00000143437,0.2,31.8,medium,not detected
MBD1,ENSG00000141644,0.2,20.7,medium,medium
SMARCAL1,ENSG00000138375,0.2,25.1,not detected,not detected
TMEM8B,ENSG00000137103,0.2,33.3,not detected,low
LPIN1,ENSG00000134324,0.2,19.3,not detected,na
RGS22,ENSG00000132554,0.2,6.5,na,na
SYNE1,ENSG00000131018,0.2,27.7,high,na
PDE1B,ENSG00000123360,0.2,12.5,not detected,not detected
KCNJ8,ENSG00000121361,0.2,12.4,not detected,not detected
BBOF1,ENSG00000119636,0.2,5.8,not detected,not detected
P3H1,ENSG00000117385,0.2,13.1,low,medium
ECE1,ENSG00000117298,0.2,34.2,medium,na
PDE10A,ENSG00000112541,0.2,3.4,not detected,na
COL12A1,ENSG00000111799,0.2,52,low,not detected
PHC1,ENSG00000111752,0.2,23.5,medium,na
ADGRD1,ENSG00000111452,0.2,12.5,not detected,na
TNS2,ENSG00000111077,0.2,48.6,not detected,na
HSD17B1,ENSG00000108786,0.2,5.8,not detected,low
FBXO24,ENSG00000106336,0.2,1,not detected,not detected
PDE4C,ENSG00000105650,0.2,2,not detected,not detected
CDC25B,ENSG00000101224,0.2,17.3,low,not detected
NUBP2,ENSG00000095906,0.2,14.6,not detected,medium
PDE6C,ENSG00000095464,0.2,1,na,na
B4GALT1,ENSG00000086062,0.2,56.8,not detected,not detected
RABL2B,ENSG00000079974,0.2,17.8,not detected,not detected
DAZAP1,ENSG00000071626,0.2,20.7,not detected,na
GPRC5A,ENSG00000013588,0.2,18.5,not detected,not detected
CFH,ENSG00000000971,0.2,40.9,not detected,low
SLC18A2,ENSG00000165646,0.19902,9.7,not detected,not detected
PAQR7,ENSG00000182749,0.19866,13.2,not detected,na
CTNNB1,ENSG00000168036,0.1981815,84.2,low,not detected
CLDN11,ENSG00000013297,0.19805,47.7,not detected,low
CNTNAP1,ENSG00000108797,0.1979,8.7,not detected,na
MMP2,ENSG00000087245,0.19781829,71,not detected,not detected
PROX1,ENSG00000117707,0.1976,7.3,na,na
CUL7,ENSG00000044090,0.1976,19.4,low,high
FBN1,ENSG00000166147,0.1975,20.4,low,not detected
NLGN3,ENSG00000196338,0.19662,6.1,not detected,not detected
NBEA,ENSG00000172915,0.19578,10.4,not detected,na
FAAP20,ENSG00000162585,0.1956,16.9,not detected,na
RNF212,ENSG00000178222,0.195592419,8.8,not detected,not detected
ZNF628,ENSG00000197483,0.1955,7.6,not detected,na
PLD6,ENSG00000179598,0.1955,10.4,not detected,na
NUPR1,ENSG00000176046,0.1955,41,na,na
SLC4A2,ENSG00000164889,0.1955,12.6,low,high
NME5,ENSG00000112981,0.1955,4.5,not detected,not detected
TAZ,ENSG00000102125,0.1955,12.6,not detected,na
SCMH1,ENSG00000010803,0.1955,24.8,na,na
NGF,ENSG00000134259,0.195027133,17.8,na,na
COL5A2,ENSG00000204262,0.1949,13.6,na,na
SULF2,ENSG00000196562,0.1949,58.7,not detected,medium
STK40,ENSG00000196182,0.1949,22.2,not detected,na
ROR1,ENSG00000185483,0.1949,8.3,na,na
FBXW8,ENSG00000174989,0.1949,15.5,not detected,na
MN1,ENSG00000169184,0.1949,12.4,medium,medium
NPAS3,ENSG00000151322,0.1949,6.4,not detected,not detected
PRDM16,ENSG00000142611,0.1949,3.6,na,na
RCN3,ENSG00000142552,0.1949,29.5,low,na
MYCN,ENSG00000134323,0.1949,10.3,na,na
TSHZ3,ENSG00000121297,0.1949,28,medium,na
GORAB,ENSG00000120370,0.1949,12.6,low,na
PLAGL1,ENSG00000118495,0.1949,16,na,na
MDFI,ENSG00000112559,0.1949,15.7,not detected,na
PTGES3,ENSG00000110958,0.1949,82.3,low,na
ZFAND5,ENSG00000107372,0.1949,59.3,medium,medium
FBLN1,ENSG00000077942,0.1949,46.6,not detected,na
CETN2,ENSG00000147400,0.19402,24.2,medium,medium
NXNL2,ENSG00000130045,0.19402,11.7,low,medium
CLCN5,ENSG00000171365,0.19196,10.8,not detected,na
BTD,ENSG00000169814,0.19179411,17.2,not detected,na
MEX3B,ENSG00000183496,0.19148,6.8,not detected,low
RTTN,ENSG00000176225,0.190420361,11,not detected,not detected
NR3C2,ENSG00000151623,0.189361822,17,medium,na
ZFP36,ENSG00000128016,0.18894,53.9,low,low
CLCNKA,ENSG00000186510,0.18832,0.2,not detected,not detected
NAGLU,ENSG00000108784,0.18708,20.4,not detected,na
CREBBP,ENSG00000005339,0.18667,31.6,medium,na
PLCD1,ENSG00000187091,0.18624,12.8,medium,medium
TIMM23B-AGAP6,ENSG00000178440,0.18624,,na,na
ZNF462,ENSG00000148143,0.18624,11.5,not detected,low
VLDLR,ENSG00000147852,0.18624,50.5,not detected,medium
KSR1,ENSG00000141068,0.18624,14.4,not detected,na
RGN,ENSG00000130988,0.18624,7.5,not detected,not detected
CERS4,ENSG00000090661,0.18624,13.8,not detected,na
RNASE10,ENSG00000182545,0.1858,2.6,not detected,medium
TMEM94,ENSG00000177728,0.1858,17.1,not detected,na
POLR2H,ENSG00000163882,0.1858,21.8,low,na
TPCN2,ENSG00000162341,0.1858,12.1,not detected,na
SLC38A10,ENSG00000157637,0.1858,23.7,not detected,high
FKBP9,ENSG00000122642,0.1858,25.9,low,not detected
HNRNPA1,ENSG00000135486,0.18536,123.6,high,na
MYH11,ENSG00000133392,0.18536,45.5,medium,medium
MYH10,ENSG00000133026,0.18536,21.8,medium,not detected
MACROD1,ENSG00000133315,0.18486,5.2,medium,high
LCAT,ENSG00000213398,0.184375,4.7,na,na
SYCP2L,ENSG00000153157,0.18398,1.5,na,na
DISC1,ENSG00000162946,0.183821111,9.6,na,na
PLXNB2,ENSG00000196576,0.18278,32.2,medium,medium
ALDH1A2,ENSG00000128918,0.18278,12.7,medium,medium
TCIRG1,ENSG00000110719,0.18158,11.4,not detected,na
SAV1,ENSG00000151748,0.18064,30.8,not detected,na
MAN2C1,ENSG00000140400,0.18064,32.8,not detected,na
CLDN15,ENSG00000106404,0.18064,4.4,na,na
NMNAT3,ENSG00000163864,0.1803,17.9,na,not detected
ADD1,ENSG00000087274,0.1803,65.3,low,not detected
MLLT6,ENSG00000275023,0.18016,13,medium,na
YAE1,ENSG00000241127,0.18016,25.2,not detected,medium
TPM2,ENSG00000198467,0.18016,29.2,medium,high
WDSUB1,ENSG00000196151,0.18016,16.4,not detected,not detected
MAF,ENSG00000178573,0.18016,31.4,medium,medium
NAALADL2,ENSG00000177694,0.18016,5.4,not detected,na
ATG4B,ENSG00000168397,0.18016,17.3,not detected,not detected
FYCO1,ENSG00000163820,0.18016,14.8,medium,na
MIPOL1,ENSG00000151338,0.18016,13.2,low,low
CPSF7,ENSG00000149532,0.18016,40.5,medium,na
ZNF182,ENSG00000147118,0.18016,9.9,not detected,not detected
ALDH1L1,ENSG00000144908,0.18016,11.3,not detected,high
ADAMTSL4,ENSG00000143382,0.18016,14.5,low,na
GPR161,ENSG00000143147,0.18016,7.6,low,medium
EPC2,ENSG00000135999,0.18016,33.4,low,high
MAU2,ENSG00000129933,0.18016,25.2,na,na
SUPT7L,ENSG00000119760,0.18016,33.4,not detected,na
ANGPTL1,ENSG00000116194,0.18016,35.7,not detected,not detected
GRM6,ENSG00000113262,0.18016,0.7,not detected,not detected
STIM2,ENSG00000109689,0.18016,20.7,medium,medium
CDK5RAP3,ENSG00000108465,0.18016,28.9,medium,high
KAT8,ENSG00000103510,0.18016,52.8,na,na
CYB5R3,ENSG00000100243,0.18016,58.8,medium,low
MYO15A,ENSG00000091536,0.18016,3,not detected,not detected
COL16A1,ENSG00000084636,0.18016,62.6,na,na
CDK13,ENSG00000065883,0.18016,24.2,not detected,not detected
RCN1,ENSG00000049449,0.18016,35.2,medium,not detected
BRD9,ENSG00000028310,0.18016,16.3,low,medium
SELENOP,ENSG00000250722,0.18,49.1,medium,medium
HBE1,ENSG00000213931,0.148412205,1.9,not detected,na
EDNRA,ENSG00000151617,0.106,23.5,medium,low
HDAC10,ENSG00000100429,0.1015,7.8,high,medium
HDAC5,ENSG00000108840,0.1,24.5,low,low
HDAC7,ENSG00000061273,0.1,25.4,na,na
ABL1,ENSG00000097007,0.09,24.2,not detected,low
MTHFR,ENSG00000177000,0.072640364,28.8,not detected,low
REN,ENSG00000143839,0.070328914,11.6,medium,low
IGFBP1,ENSG00000146678,0.067581519,9.3,not detected,not detected
TIMP1,ENSG00000102265,0.064961522,149.3,not detected,not detected
SMS,ENSG00000102172,0.063477567,42.4,not detected,high
CYP2D6,ENSG00000100197,0.062222222,0.5,not detected,not detected
HPX,ENSG00000110169,0.060213947,0,not detected,not detected
APOA1,ENSG00000118137,0.057010012,0.7,not detected,not detected
ST13,ENSG00000100380,0.055970218,141.6,medium,high
SERPINE1,ENSG00000106366,0.05410992,19.7,not detected,not detected
PON1,ENSG00000005421,0.053744077,0.2,low,medium
FLNA,ENSG00000196924,0.052119444,77.4,high,not detected
FGF2,ENSG00000138685,0.051511398,16.8,not detected,not detected
ACVR1C,ENSG00000123612,0.0512,5.1,not detected,not detected
IGFBP2,ENSG00000115457,0.049705081,35.7,na,na
ACSM3,ENSG00000005187,0.049677778,47.7,not detected,na
NR2C2,ENSG00000177463,0.049591,18.8,medium,na
PPARG,ENSG00000132170,0.047656127,6.7,not detected,na
NPAP1,ENSG00000185823,0.046880556,1.4,not detected,na
FOXO1,ENSG00000150907,0.046644444,46,not detected,medium
F3,ENSG00000117525,0.045960206,41.6,not detected,not detected
GSTM1,ENSG00000134184,0.045629222,29,not detected,na
PRDM2,ENSG00000116731,0.0448,30.7,not detected,na
RHD,ENSG00000187010,0.044367643,0.9,not detected,not detected
TPT1,ENSG00000133112,0.043544444,273.2,medium,low
VCAM1,ENSG00000162692,0.042604126,11.1,not detected,not detected
IGF1R,ENSG00000140443,0.042594188,23.2,not detected,na
DHRS2,ENSG00000100867,0.040711111,9,not detected,na
CEBPD,ENSG00000221869,0.039957667,21.5,na,na
LSS,ENSG00000160285,0.0399,25.7,low,high
GREB1L,ENSG00000141449,0.039844444,7.2,not detected,not detected
ABO,ENSG00000175164,0.039256667,3.2,na,na
ADAMTS13,ENSG00000160323,0.039033333,2.3,not detected,not detected
SYVN1,ENSG00000162298,0.0354,17.1,not detected,na
KDM1A,ENSG00000004487,0.034910111,27.4,high,na
NCAM1,ENSG00000149294,0.034388889,21.9,not detected,not detected
CASP9,ENSG00000132906,0.033455556,33.4,low,low
RPS4X,ENSG00000198034,0.032,141.5,low,low
EFS,ENSG00000100842,0.031822222,23.7,low,na
ANG,ENSG00000214274,0.0314,17.7,na,na
DIRAS3,ENSG00000162595,0.0308,33.2,not detected,na
PEX6,ENSG00000124587,0.0308,20,not detected,na
OGG1,ENSG00000114026,0.0308,22.5,medium,medium
ADCY9,ENSG00000162104,0.0289,9.4,low,high
SMAD4,ENSG00000141646,0.0288,30.5,medium,medium
AXL,ENSG00000167601,0.0275,20.9,not detected,na
IGFBP5,ENSG00000115461,0.0274,245.3,na,na
NPC2,ENSG00000119655,0.0272,25.3,not detected,not detected
PREB,ENSG00000138073,0.0268,27.3,medium,medium
SIRT3,ENSG00000142082,0.026088889,17.4,medium,na
TAX1BP3,ENSG00000213977,0.026,27,not detected,na
SETDB1,ENSG00000143379,0.026,23.9,low,high
KAT5,ENSG00000172977,0.0256,29.5,low,high
LGALS1,ENSG00000100097,0.025379316,105.1,medium,na
DIO3,ENSG00000197406,0.0252,9.2,na,na
POM121,ENSG00000196313,0.0252,18.6,not detected,na
DLK1,ENSG00000185559,0.0252,34.9,not detected,not detected
ZNF274,ENSG00000171606,0.0252,16.8,not detected,not detected
TFPI2,ENSG00000105825,0.0252,14.9,not detected,na
TRIM28,ENSG00000130726,0.025,69.3,high,high
MAMLD1,ENSG00000013619,0.024968408,21.8,not detected,na
ALDH1A1,ENSG00000165092,0.0248,35.8,not detected,not detected
DONSON,ENSG00000159147,0.0248,13.5,not detected,not detected
KLF2,ENSG00000127528,0.0248,54.4,medium,medium
TGFBR3,ENSG00000069702,0.0248,62.4,medium,na
ZNF358,ENSG00000198816,0.0244,46.1,not detected,na
ADCY6,ENSG00000174233,0.0244,14.6,not detected,na
ZNF385B,ENSG00000144331,0.0244,18.4,na,na
ANKK1,ENSG00000170209,0.024,1,low,medium
IVD,ENSG00000128928,0.024,19.4,not detected,low
ADAM12,ENSG00000148848,0.0221,8.2,not detected,not detected
TBX3,ENSG00000135111,0.0218,15.6,na,na
CD81,ENSG00000110651,0.0216,77.9,high,not detected
MAOB,ENSG00000069535,0.0214,56,high,na
MARCHF5,ENSG00000198060,0.0212,20.9,na,na
CEP164,ENSG00000110274,0.020955556,13.9,not detected,na
MBTPS1,ENSG00000140943,0.020924876,34.3,not detected,medium
TNXB,ENSG00000168477,0.0206,41,na,na
SERPINA5,ENSG00000188488,0.0204,6.4,not detected,na
ST3GAL4,ENSG00000110080,0.020349005,39.3,not detected,medium
PLXNA1,ENSG00000114554,0.0202,5,low,na
RBFOX2,ENSG00000100320,0.02,43.3,not detected,na
PHEX,ENSG00000102174,0.0196,3.9,na,na
ANKRD23,ENSG00000163126,0.0195,0.1,low,not detected
NPHP4,ENSG00000131697,0.0194,7,not detected,not detected
OFD1,ENSG00000046651,0.018788667,16.1,not detected,medium
NDRG2,ENSG00000165795,0.0185,79.7,low,medium
GPR143,ENSG00000101850,0.018283333,4.5,not detected,na
MYC,ENSG00000136997,0.018245556,38.7,not detected,na
MAT2A,ENSG00000168906,0.018,44.2,not detected,na
MAT1A,ENSG00000151224,0.018,0.7,not detected,not detected
KMT2A,ENSG00000118058,0.017844444,35.6,medium,not detected
TNXA,ENSG00000248290,0.0176,,na,na
VASH1,ENSG00000071246,0.0176,10.3,low,low
VIM,ENSG00000026025,0.017455556,302.9,medium,low
GOPC,ENSG00000047932,0.0174,28.3,not detected,low
NRF1,ENSG00000106459,0.017355556,24.4,low,medium
SERPIND1,ENSG00000099937,0.017355556,0.3,not detected,not detected
SLC12A4,ENSG00000124067,0.017244444,14.2,not detected,medium
AMT,ENSG00000145020,0.0168,14.5,medium,na
MAP2K5,ENSG00000137764,0.0168,29,low,not detected
SERPINF1,ENSG00000132386,0.0168,68.1,not detected,na
TIMP2,ENSG00000035862,0.016438889,182.4,medium,not detected
IFT22,ENSG00000128581,0.0163,15.3,low,not detected
THPO,ENSG00000090534,0.0155,1.5,na,na
RFX1,ENSG00000132005,0.015,10.2,low,na
VIPR2,ENSG00000106018,0.015,10.8,medium,na
CNTLN,ENSG00000044459,0.014961556,15.2,not detected,low
AAAS,ENSG00000094914,0.0146,19.7,medium,na
KDM5C,ENSG00000126012,0.0145,33.1,na,na
BMP6,ENSG00000153162,0.0144,5.8,medium,not detected
LRP1,ENSG00000123384,0.0144,56.9,medium,not detected
CPS1,ENSG00000021826,0.0144,0.7,not detected,not detected
MSH6,ENSG00000116062,0.0143,43.2,high,high
PMEL,ENSG00000185664,0.014244444,1.6,not detected,not detected
FGFR4,ENSG00000160867,0.0136,13.6,not detected,not detected
DEPTOR,ENSG00000155792,0.0136,12.5,low,high
TXNRD2,ENSG00000184470,0.0135,11.9,not detected,na
SCAF1,ENSG00000126461,0.0134,24.1,medium,medium
ISLR,ENSG00000129009,0.0132,80.2,medium,na
PNPLA4,ENSG00000006757,0.0132,14,low,na
PRX,ENSG00000105227,0.013016667,7.5,not detected,not detected
JUN,ENSG00000177606,0.013,49.8,not detected,not detected
NR4A2,ENSG00000153234,0.013,60,low,medium
GLUL,ENSG00000135821,0.013,66.2,low,medium
FUS,ENSG00000089280,0.013,66.7,medium,high
DLG4,ENSG00000132535,0.0129,12.8,not detected,not detected
RTEL1,ENSG00000258366,0.0128,10.6,na,na
MED12,ENSG00000184634,0.0128,28.8,low,na
EEF2,ENSG00000167658,0.0128,167.1,low,medium
FGD5,ENSG00000154783,0.0128,7.2,low,na
PDGFRL,ENSG00000104213,0.0128,11.6,na,na
PRKD1,ENSG00000184304,0.0124,15.7,not detected,medium
PLTP,ENSG00000100979,0.0124,38.6,not detected,medium
CSAD,ENSG00000139631,0.012244444,24.6,not detected,na
THBS2,ENSG00000186340,0.0121,26.2,medium,na
RERG,ENSG00000134533,0.012,23.6,not detected,na
MTR,ENSG00000116984,0.012,24.7,low,high
CCDC8,ENSG00000169515,0.0116,39.4,medium,na
DHX37,ENSG00000150990,0.0116,12.7,low,na
NR4A1,ENSG00000123358,0.0116,177.3,low,medium
RARRES2,ENSG00000106538,0.0116,40.2,na,na
NEFH,ENSG00000100285,0.0116,10,not detected,medium
HSP90AB1,ENSG00000096384,0.0116,238.4,not detected,medium
KLF4,ENSG00000136826,0.0112,18.6,low,not detected
SLC8B1,ENSG00000089060,0.0112,35.1,not detected,na
DCN,ENSG00000011465,0.0112,265.5,high,not detected
NR2F1,ENSG00000175745,0.0108,40.4,na,na
MATN1,ENSG00000162510,0.0108,2.9,not detected,not detected
AOPEP,ENSG00000148120,0.0108,11.7,not detected,not detected
NLGN4X,ENSG00000146938,0.0108,16.8,not detected,not detected
IGFBP4,ENSG00000141753,0.0108,370.8,not detected,not detected
SUOX,ENSG00000139531,0.0108,16.1,not detected,na
OBSL1,ENSG00000124006,0.0108,82.2,low,medium
RXYLT1,ENSG00000118600,0.0108,17.4,na,na
AHI1,ENSG00000135541,0.010435732,13.9,not detected,na
RYR2,ENSG00000198626,0.010429645,2.2,not detected,low
RPS18,ENSG00000231500,0.0104,154.5,medium,na
DANCR,ENSG00000226950,0.0104,,na,na
ACTG1,ENSG00000184009,0.0104,312.6,not detected,low
RGMA,ENSG00000182175,0.0104,16.6,low,na
ID4,ENSG00000172201,0.0104,22.9,na,na
RPSA,ENSG00000168028,0.0104,145.1,medium,na
TEF,ENSG00000167074,0.0104,29.8,na,na
ARSL,ENSG00000157399,0.0104,2.5,not detected,medium
IGSF10,ENSG00000152580,0.0104,17.8,medium,medium
TAGLN,ENSG00000149591,0.0104,159.2,medium,not detected
PPRC1,ENSG00000148840,0.0104,25.4,not detected,na
BRD4,ENSG00000141867,0.0104,27.3,high,high
LUM,ENSG00000139329,0.0104,73,not detected,not detected
SLC40A1,ENSG00000138449,0.0104,50.9,not detected,na
AOX1,ENSG00000138356,0.0104,12.2,not detected,not detected
NR1D1,ENSG00000126368,0.0104,33.3,not detected,na
PSPN,ENSG00000125650,0.0104,2.8,not detected,not detected
SLC2A4RG,ENSG00000125520,0.0104,25.1,na,na
PLCG1,ENSG00000124181,0.0104,28.7,medium,high
NR4A3,ENSG00000119508,0.0104,37.2,low,medium
KLF9,ENSG00000119138,0.0104,22.1,na,na
USP35,ENSG00000118369,0.0104,6.6,not detected,na
PITRM1,ENSG00000107959,0.0104,35.3,low,na
BMPR1A,ENSG00000107779,0.0104,16.1,medium,not detected
TAF6,ENSG00000106290,0.0104,26.2,na,na
JAK3,ENSG00000105639,0.0104,11,not detected,na
NDRG1,ENSG00000104419,0.0104,37.5,high,na
CDIPT,ENSG00000103502,0.0104,52.7,low,low
DDHD2,ENSG00000085788,0.0104,24.3,low,high
TRO,ENSG00000067445,0.0104,21.7,na,na
KRIT1,ENSG00000001631,0.0104,23.1,not detected,not detected
SLC16A2,ENSG00000147100,0.01,14.7,na,na
DLEC1,ENSG00000008226,0.01,6.3,not detected,na
PBXIP1,ENSG00000163346,0.0088,50.1,medium,na
PEG10,ENSG00000242265,0.006,27,not detected,not detected
HOXC4,ENSG00000198353,0.006,31.6,na,na
FAM53B,ENSG00000189319,0.006,17.6,not detected,na
RAVER1,ENSG00000161847,0.006,17.8,medium,na
WASF1,ENSG00000112290,0.006,17.7,not detected,high
BAMBI,ENSG00000095739,0.006,46.8,not detected,na
OVGP1,ENSG00000085465,0.0056,32.5,not detected,na
CENPT,ENSG00000102901,0.0048,13.5,not detected,not detected
SOS1,ENSG00000115904,0.0044,28.1,low,high
LAMA3,ENSG00000053747,0.0044,5.8,medium,not detected
RBM10,ENSG00000182872,0.004,36.4,medium,medium
STAT6,ENSG00000166888,0.004,41.9,medium,na
RPS27A,ENSG00000143947,0.004,167.1,medium,medium
NPRL3,ENSG00000103148,0.004,16.1,not detected,na
ABLIM1,ENSG00000099204,0.004,64.4,not detected,na
MAEA,ENSG00000090316,0.004,33.4,low,na
DIS3L2,ENSG00000144535,0.000379472,23.3,not detected,high
CDH4,ENSG00000179242,0.000302295,6.2,na,na
MTHFD1L,ENSG00000120254,0.000234852,22.2,not detected,medium
NYNRIN,ENSG00000205978,0.000209066,28,medium,na
MMAB,ENSG00000139428,0.000154586,14.2,not detected,high
L3MBTL4,ENSG00000154655,0.000147695,12.3,not detected,not detected
FGF7,ENSG00000140285,0.000125978,43.7,not detected,na
EFHD1,ENSG00000115468,0.000121663,32.1,not detected,not detected
GCKR,ENSG00000084734,0.0001145,2,not detected,na
PTPRG,ENSG00000144724,0.000106343,16.6,not detected,not detected
ZNF320,ENSG00000182986,8.09E-05,15.5,not detected,na
ZGPAT,ENSG00000197114,6.22E-05,7.3,na,na
PLA2G6,ENSG00000184381,3.49E-05,21.3,not detected,low
CCHCR1,ENSG00000204536,3.33E-05,5.5,na,na
IRF2BPL,ENSG00000119669,3.32E-05,36.9,high,na
ZNF248,ENSG00000198105,3.05E-05,14.1,not detected,na
MEIS2,ENSG00000134138,2.56E-05,16.4,high,na
RGMB,ENSG00000174136,1.05E-05,20.1,na,na
C7orf50,ENSG00000146540,3.86E-06,21.6,medium,high
