Row,MouseInfertility,Druggable_CITDB,confidence_RNA,confidence_Proteome,data_set,Druggable_OpenTarget,Specificity_score_OpenTarget,data_base,ovary-protein,stroma cells,follicle,ovary-RNA
AR,,0,na,na,na,1,1,OpenTarget,no,nd,nd,yes
BBS4,,0,na,na,na,0,1,OpenTarget,no,nd,nd,yes
BBS1,,0,na,na,na,0,1,OpenTarget,no,nd,nd,yes
FSHR,,0,na,na,na,1,1,OpenTarget,na,na,na,yes
NR5A1,,0,na,na,na,0,1,OpenTarget,na,na,na,yes
NR0B1,,0,na,na,na,0,1,OpenTarget,na,na,na,yes
BBS7,,0,na,na,na,0,1,OpenTarget,no0,nd,nd,yes
FGFR1,,0,na,na,na,0,1,OpenTarget,yes,yes,nd,yes
MAGEL2,,0,na,na,na,0,1,OpenTarget,na,na,na,yes
GALT,,0,na,na,na,0,1,OpenTarget,yes,low,nd,yes
BBS5,,0,na,na,na,0,1,OpenTarget,no,nd,nd,yes
CYP19A1,,0,na,na,na,0.1,1,OpenTarget,no,nd,nd,yes
GNRH1,,0,na,na,na,0,1,OpenTarget,no,nd,nd,yes
TTC8,,0,na,na,na,0,1,OpenTarget,nd,nd,nd,yes
CEP290,,0,na,na,na,0,1,OpenTarget,yes,nd,low,yes
LEPR,,0,na,na,na,0,1,OpenTarget,no,nd,nd,yes
BBS9,,0,na,na,na,0,1,OpenTarget,yes,nd,med,yes
STAR,,0,na,na,na,0,1,OpenTarget,no,nd,nd,yes
DCAF17,,0,na,na,na,0,1,OpenTarget,na,na,na,yes
WNT4,,0,na,na,na,0,1,OpenTarget,na,na,na,yes
CYP21A2,,0,na,na,na,0,1,OpenTarget,no,nd,nd,no
HARS2,,0,na,na,na,0,1,OpenTarget,yes,med,med,yes
BBS2,,0,na,na,na,0,1,OpenTarget,no,nd,nd,yes
BBIP1,,0,na,na,na,0,1,OpenTarget,no,nd,nd,yes
MKS1,,0,na,na,na,0,1,OpenTarget,no,nd,nd,yes
TBX19,,0,na,na,na,0,1,OpenTarget,no,nd,nd,yes
C8orf37,,0,na,na,na,0,1,OpenTarget,yes,nd,med,yes
GATA4,,0,na,na,na,0,1,OpenTarget,yes,high,nd,yes
IFT74,,0,na,na,na,0,1,OpenTarget,yes,nd,low,yes
LHX4,,0,na,na,na,0,1,OpenTarget,na,na,na,yes
IL17RD,,0,na,na,na,0,1,OpenTarget,yes,med,nd,yes
MEN1,,0,na,na,na,0,1,OpenTarget,nd,nd,nd,yes
TMEM67,,0,na,na,na,0,1,OpenTarget,na,na,na,yes
SIGMAR1,,0,na,na,na,1,1,OpenTarget,no,nd,nd,yes
IFT172,,0,na,na,na,0,1,OpenTarget,na,na,na,yes
LHCGR,,0,na,na,na,1,1,OpenTarget,na,na,na,yes
PABPC1L,,0,na,na,na,0,1,OpenTarget,na,na,na,yes
RBM28,,0,na,na,na,0,1,OpenTarget,yes,low,med,yes
IL11RA,,0,na,na,na,0,1,OpenTarget,yes,low,nd,yes
IFT27,,0,na,na,na,0,1,OpenTarget,nd,nd,nd,yes
STAG3,,0,na,na,na,0,1,OpenTarget,yes,nd,low,yes
NR2F2,,0,na,na,na,0,1,OpenTarget,na,na,na,yes
INSR,,0,na,na,na,0,1,OpenTarget,yes,nd,medium ,yes
WEE2,,0,na,na,na,0,1,OpenTarget,na,na,na,yes
FLRT3,,0,na,na,na,0,1,OpenTarget,yes,nd,medium ,
SSTR3,,0,na,na,na,1,1,OpenTarget,nd,nd,nd,yes
RNPC3,,0,na,na,na,0,1,OpenTarget,nd,nd,nd,yes
NDNF,,0,na,na,na,0,1,OpenTarget,nd,nd,nd,yes
ZNF596,,0,na,na,na,0,1,OpenTarget,nd,nd,nd,yes
GRIN3B,,0,na,na,na,1,1,OpenTarget,nd,nd,nd,yes
DRD4,,0,na,na,na,1,1,OpenTarget,nd,nd,nd,yes
FOXL2,,0,low,na,RNA,0,1,"CITDBase,OpenTarget",yes,med,med,yes
ESR1,,0,low,na,RNA,1,1,"CITDBase,OpenTarget",no,nd,nd,yes
ESR2,,0,low,na,RNA,1,1,"CITDBase,OpenTarget",yes,low,nd,yes
PGR,,0,low,na,RNA,1,1,"CITDBase,OpenTarget",nd,nd,nd,yes
CCDC170,,0,low,na,RNA,0,1,"CITDBase,OpenTarget",yes,nd,nd,yes
POLD2,,0,na,na,na,0.814932317,0.814932317,OpenTarget,yes,nd,high,yes
POLA2,,0,na,na,na,0.814932317,0.814932317,OpenTarget,yes,low,nd,yes
SCN5A,,0,na,na,na,0.75,0.808993056,OpenTarget,nd,nd,nd,low
CXorf24,0,0,na,high,Proteome,,,CITDBase,,,,
DAZL,1,1,na,high,Proteome,,,CITDBase,nd,nd,nd,nd
DEFB123,0,1,na,high,Proteome,,,CITDBase,nd,nd,nd,nd
DPEP3,0,1,na,high,Proteome,,,CITDBase,nd,nd,nd,nd
FATE1,0,0,na,high,Proteome,,,CITDBase,nd,nd,nd,very low
H2AFB2,0,0,na,high,Proteome,,,CITDBase,nd,nd,nd,very low
LDHAL6B,0,0,na,high,Proteome,,,CITDBase,nd,nd,nd,nd
ROPN1B,0,0,na,high,Proteome,,,CITDBase,nan,na,na,very low
SYNGR4,0,0,na,high,Proteome,,,CITDBase,nd,nd,nd,nd
TKTL2,0,0,na,high,Proteome,,,CITDBase,nd,nd,nd,nd
TUBA1B,0,1,na,high,Proteome,,,CITDBase,yes,high,high,yes
VCY,0,0,na,high,Proteome,,,CITDBase,nd,nd,nd,nd
BAG5,0,0,na,na,HPA,,,CITDBase,nd,nd,nd,yes
C2orf50,0,0,na,na,HPA,,,CITDBase,nd,nd,nd,yes
C2orf70,0,0,na,na,HPA,,,CITDBase,nd,nd,nd,yes
C4orf22,0,0,na,na,HPA,,,CITDBase,nan,na,na,yes
CCDC13,0,0,na,na,HPA,,,CITDBase,nd,nd,nd,yes
CFAP58,0,0,na,na,HPA,,,CITDBase,nd,nd,nd,yes
CLGN,0,0,na,na,HPA,,,CITDBase,nd,nd,nd,yes
FAM71F2,0,0,na,na,HPA,,,CITDBase,yes,nd,med,yes
FIGLA,1,1,na,na,HPA,,,CITDBase,yes,nd,med,yes
FKBP6,0,1,na,na,HPA,,,CITDBase,yes,nd,med,nd
FSCN3,0,0,na,na,HPA,,,CITDBase,yes,nd,med,nd
GBX1,0,0,na,na,HPA,,,CITDBase,yes,nd,high,yes
GDF9,1,1,na,na,HPA,,,CITDBase,yes,low,low,yes
LTBP2,0,1,na,na,HPA,,,CITDBase,yes,med,nd,yes
10-Mar,0,0,na,na,HPA,,,CITDBase,nd,nd,nd,yes
MBD3L1,0,0,na,na,HPA,,,CITDBase,nd,nd,nd,yes
MFAP4,0,1,na,na,HPA,,,CITDBase,yes,med,nd,yes
NLRP14,0,0,na,na,HPA,,,CITDBase,yes,nd,med,yes
OOEP,1,0,na,na,HPA,,,CITDBase,yes,nd,med,yes
PAX2,0,1,na,na,HPA,,,CITDBase,nd,nd,nd,yes
PGK2,0,1,na,na,HPA,,,CITDBase,yes,nd,med,no
SALL4,0,1,na,na,HPA,,,CITDBase,yes,nd,med,yes
SPATS1,0,0,na,na,HPA,,,CITDBase,nd,nd,nd,yes
SPDYA,1,1,na,na,HPA,,,CITDBase,yes,nd,low,yes
TDRD1,0,0,na,na,HPA,,,CITDBase,yes,nd,med,yes
TRIM60,0,1,na,na,HPA,,,CITDBase,yes,nd,low,yes
ZP4,0,1,na,na,HPA,,,CITDBase,yes,nd,high,yes
CCDC33,0,0,mid,na,RNA,,,CITDBase,na,na,na,yes
KLHDC8A,0,0,mid,na,RNA,,,CITDBase,na,na,na,yes
MMP26,0,1,mid,na,RNA,,,CITDBase,na,na,na,nd
SCGB1D4,0,1,mid,na,RNA,,,CITDBase,na,na,na,yes
SCGB2A1,0,1,mid,na,RNA,,,CITDBase,nd,nd,nd,yes
SLC6A3,,0,na,na,na,0.7,0.778110267,OpenTarget,,,,
SCN7A,,0,na,na,na,0.75,0.75,OpenTarget,,,,
F10,,0,na,na,na,0.75,0.75,OpenTarget,,,,
GRIK4,,0,na,na,na,0.7,0.7,OpenTarget,,,,
ZFPM2,,0,na,na,na,0,0.50325,OpenTarget,,,,
AKT3,,0,na,na,na,0,0.453545148,OpenTarget,,,,
ACBD6,,0,na,na,na,0,0.447416667,OpenTarget,,,,
LEPROT,,0,na,na,na,0,0.439083333,OpenTarget,,,,
NDN,,0,na,na,na,0,0.382333913,OpenTarget,,,,
HERC2,,0,na,na,na,0,0.374250911,OpenTarget,,,,
HDAC6,,0,na,na,na,0.225,0.350973639,OpenTarget,,,,
KIT,,0,na,na,na,0.09,0.348322182,OpenTarget,,,,
BMP4,,0,na,na,na,0,0.339219407,OpenTarget,,,,
ALMS1,,0,na,na,na,0,0.338369711,OpenTarget,,,,
WT1,,0,low,mid,Proteome,0,0.335570275,"CITDBase,OpenTarget",,,,
MECP2,,0,na,na,na,0,0.334991692,OpenTarget,,,,
IFT88,,0,na,na,na,0,0.332917705,OpenTarget,,,,
BGLAP,,0,na,na,na,0,0.332123755,OpenTarget,,,,
APOE,,0,na,na,na,0,0.32886825,OpenTarget,,,,
AMHR2,,0,na,na,na,0,0.328484333,OpenTarget,,,,
PKD2,,0,na,na,na,0,0.327651216,OpenTarget,,,,
ADCY3,,0,na,na,na,0,0.32759773,OpenTarget,,,,
IRS2,,0,na,na,na,0,0.327572486,OpenTarget,,,,
ASIP,,0,na,na,na,0,0.326989577,OpenTarget,,,,
PKD1,,0,na,na,na,0,0.326908297,OpenTarget,,,,
GPC3,,0,na,na,na,0,0.326496327,OpenTarget,,,,
LHX9,,0,na,na,na,0,0.326255145,OpenTarget,,,,
THRA,,0,na,na,na,0,0.326235545,OpenTarget,,,,
IFT140,,0,na,na,na,0,0.325945391,OpenTarget,,,,
LDLR,,0,na,na,na,0,0.325898115,OpenTarget,,,,
IGF2,,0,na,na,na,0,0.325725482,OpenTarget,,,,
BICC1,,0,na,na,na,0,0.325628346,OpenTarget,,,,
TUB,,0,na,na,na,0,0.325486314,OpenTarget,,,,
ZGLP1,,0,na,na,na,0,0.325036095,OpenTarget,,,,
RAI1,,0,na,na,na,0,0.324106635,OpenTarget,,,,
CYS1,,0,na,na,na,0,0.323919664,OpenTarget,,,,
GLI3,,0,low,na,RNA,0,0.323796461,"CITDBase,OpenTarget",,,,
FGFR2,,0,na,na,na,0,0.323640924,OpenTarget,,,,
TCF7L2,,0,na,na,na,0,0.323579861,OpenTarget,,,,
NEIL1,,0,na,na,na,0,0.323458704,OpenTarget,,,,
NPHP3-ACAD11,,0,na,na,na,0,0.323306545,OpenTarget,,,,
NPHP3,,0,na,na,na,0,0.323306545,OpenTarget,,,,
DNAH11,,0,na,na,na,0,0.323084453,OpenTarget,,,,
ZBTB16,,0,na,na,na,0,0.323006461,OpenTarget,,,,
PTK7,,0,na,na,na,0,0.32281604,OpenTarget,,,,
CDKN2C,,0,na,na,na,0,0.322410084,OpenTarget,,,,
TWIST1,,0,na,na,na,0,0.322238499,OpenTarget,,,,
TULP3,,0,na,mid,Proteome,0,0.322183578,"CITDBase,OpenTarget",,,,
SALL1,,0,na,na,na,0,0.321649571,OpenTarget,,,,
CDKN1C,,0,na,na,na,0,0.3212805,OpenTarget,,,,
SMARCA2,,0,na,na,na,0,0.321246591,OpenTarget,,,,
WWTR1,,0,na,na,na,0,0.32120977,OpenTarget,,,,
LMNA,,0,na,na,na,0,0.321063021,OpenTarget,,,,
PDGFRB,,0,na,na,na,0.09,0.320969622,OpenTarget,,,,
CC2D2A,,0,na,na,na,0,0.320951695,OpenTarget,,,,
CTF1,,0,na,na,na,0,0.320883557,OpenTarget,,,,
MCHR1,,0,na,na,na,0,0.320771423,OpenTarget,,,,
ARNT2,,0,na,na,na,0,0.320755485,OpenTarget,,,,
HFE,,0,na,na,na,0,0.320586562,OpenTarget,,,,
CDKN1A,,0,na,na,na,0,0.320585996,OpenTarget,,,,
TCF21,,0,na,na,na,0,0.320443489,OpenTarget,,,,
TLR5,,0,na,na,na,0,0.320344523,OpenTarget,,,,
GADD45G,,0,na,na,na,0,0.320029025,OpenTarget,,,,
GDNF,,0,na,na,na,0,0.319738407,OpenTarget,,,,
TTC26,,0,na,na,na,0,0.319658768,OpenTarget,,,,
DZIP1L,,0,na,na,na,0,0.319618662,OpenTarget,,,,
C2CD5,,0,na,na,na,0,0.31950934,OpenTarget,,,,
MAP3K4,,0,na,na,na,0,0.319394487,OpenTarget,,,,
LGR4,,0,na,na,na,0,0.319324389,OpenTarget,,,,
CDK4,,0,na,na,na,0,0.319212857,OpenTarget,,,,
CYP11A1,,0,na,na,na,0,0.319156823,OpenTarget,,,,
LRP6,,0,na,na,na,0,0.318926859,OpenTarget,,,,
CBX2,,0,na,na,na,0,0.318680157,OpenTarget,,,,
PDGFRA,,0,na,na,na,0,0.31839116,OpenTarget,,,,
BRD2,,0,na,na,na,0,0.318083557,OpenTarget,,,,
SELENOM,,0,na,na,na,0,0.318083557,OpenTarget,,,,
PLSCR3,,0,na,na,na,0,0.318083557,OpenTarget,,,,
STAT5B,,0,na,na,na,0,0.318083557,OpenTarget,,,,
PEX11A,,0,na,na,na,0,0.318083557,OpenTarget,,,,
PTPN13,,0,na,na,na,0,0.318083557,OpenTarget,,,,
TYK2,,0,na,na,na,0,0.318083557,OpenTarget,,,,
YTHDC2,,0,na,na,na,0,0.318012319,OpenTarget,,,,
CDK2,,0,na,na,na,0,0.317879605,OpenTarget,,,,
SMAD3,,0,na,na,na,0,0.317709981,OpenTarget,,,,
FAT4,,0,na,na,na,0,0.317375213,OpenTarget,,,,
TSC1,,0,na,na,na,0,0.317375213,OpenTarget,,,,
DACT1,,0,na,na,na,0,0.317165659,OpenTarget,,,,
EGR1,,0,na,na,na,0,0.317140335,OpenTarget,,,,
HSD11B1,,0,na,na,na,0,0.31683528,OpenTarget,,,,
FREM2,,0,na,na,na,0,0.316683774,OpenTarget,,,,
TARDBP,,0,na,na,na,0,0.316368863,OpenTarget,,,,
PRPH2,,0,na,na,na,0,0.316258526,OpenTarget,,,,
FUZ,,0,na,na,na,0,0.31619791,OpenTarget,,,,
EIF3CL,,0,na,na,na,0,0.316099122,OpenTarget,,,,
KIF7,,0,na,na,na,0,0.316099122,OpenTarget,,,,
INTU,,0,na,na,na,0,0.316099122,OpenTarget,,,,
IFT122,,0,na,na,na,0,0.316085392,OpenTarget,,,,
CPLANE1,,0,na,na,na,0,0.316040864,OpenTarget,,,,
SCARB1,,0,na,na,na,0,0.315853679,OpenTarget,,,,
DDR2,,0,na,na,na,0,0.315827237,OpenTarget,,,,
FAS,,0,na,na,na,0,0.315009275,OpenTarget,,,,
COL1A1,,0,low,na,RNA,0,0.314756496,"CITDBase,OpenTarget",,,,
FSCN2,,0,na,na,na,0,0.314508526,OpenTarget,,,,
DYNC2H1,,0,na,na,na,0,0.314269669,OpenTarget,,,,
B9D1,,0,na,na,na,0,0.313906778,OpenTarget,,,,
SIX5,,0,na,na,na,0,0.313868403,OpenTarget,,,,
RPL38,,0,na,na,na,0,0.313841331,OpenTarget,,,,
CPLANE2,,0,na,na,na,0,0.313841331,OpenTarget,,,,
FANCL,,0,na,na,na,0,0.313750756,OpenTarget,,,,
RPGRIP1L,,0,na,na,na,0,0.313653518,OpenTarget,,,,
GLIS3,,0,na,na,na,0,0.313455009,OpenTarget,,,,
GLI2,,0,low,na,RNA,0,0.313139771,"CITDBase,OpenTarget",,,,
FOXO3,,0,na,na,na,0,0.313006605,OpenTarget,,,,
TSC2,,0,na,na,na,0,0.312839981,OpenTarget,,,,
CLCN2,,0,na,na,na,0,0.312783055,OpenTarget,,,,
BMPR1B,,0,na,na,na,0,0.312529182,OpenTarget,,,,
AGPAT1,,0,na,na,na,0,0.312453458,OpenTarget,,,,
CEBPB,,0,na,na,na,0,0.312150055,OpenTarget,,,,
INHA,,0,na,na,na,0,0.312115929,OpenTarget,,,,
ROR2,,0,na,na,na,0,0.3119867,OpenTarget,,,,
INVS,,0,na,na,na,0,0.311835952,OpenTarget,,,,
COL2A1,,0,na,na,na,0,0.31179402,OpenTarget,,,,
C3,,0,na,na,na,0,0.311632816,OpenTarget,,,,
DISP1,,0,na,na,na,0,0.311401835,OpenTarget,,,,
AQP11,,0,na,na,na,0,0.311273658,OpenTarget,,,,
PRICKLE1,,0,na,na,na,0,0.311259164,OpenTarget,,,,
COL4A3,,0,na,na,na,0,0.311218102,OpenTarget,,,,
WDR19,,0,na,na,na,0,0.31082866,OpenTarget,,,,
TBX6,,0,na,na,na,0,0.31066122,OpenTarget,,,,
MMP14,,0,na,na,na,0,0.310594116,OpenTarget,,,,
VANGL2,,0,na,na,na,0,0.309953546,OpenTarget,,,,
CBFA2T2,,0,na,na,na,0,0.309829746,OpenTarget,,,,
ID2,,0,na,na,na,0,0.309826477,OpenTarget,,,,
RPL24,,0,na,na,na,0,0.309368398,OpenTarget,,,,
LRP5,,0,na,na,na,0,0.309051195,OpenTarget,,,,
PRKAR2B,,0,na,na,na,0,0.309032816,OpenTarget,,,,
PEG3,,0,low,na,RNA,0,0.309001988,"CITDBase,OpenTarget",,,,
DPH1,,0,na,na,na,0,0.308089611,OpenTarget,,,,
GABBR1,,0,na,na,na,0,0.307864334,OpenTarget,,,,
ARNTL,,0,na,na,na,0,0.307433851,OpenTarget,,,,
IGFBP3,,0,na,na,na,0,0.307383563,OpenTarget,,,,
FIGN,,0,na,na,na,0,0.307227271,OpenTarget,,,,
SKI,,0,na,na,na,0,0.307227271,OpenTarget,,,,
TCTN3,,0,na,na,na,0,0.307227271,OpenTarget,,,,
QSOX1,,0,na,na,na,0,0.307227271,OpenTarget,,,,
ACD,,0,na,na,na,0,0.307227271,OpenTarget,,,,
PCSK5,,0,na,na,na,0,0.307227271,OpenTarget,,,,
MAP3K20,,0,na,na,na,0,0.307227271,OpenTarget,,,,
TMEM231,,0,low,na,RNA,0,0.307227271,"CITDBase,OpenTarget",,,,
CRTAP,,0,na,na,na,0,0.304814914,OpenTarget,,,,
IFT80,,0,na,na,na,0,0.304142517,OpenTarget,,,,
TAF4B,,0,na,na,na,0,0.303894195,OpenTarget,,,,
INPP5E,,0,na,na,na,0,0.303721729,OpenTarget,,,,
HS6ST1,,0,na,na,na,0,0.303632639,OpenTarget,,,,
PTDSS2,,0,na,na,na,0,0.303614047,OpenTarget,,,,
CLTRN,,0,na,na,na,0,0.302109856,OpenTarget,,,,
OXTR,,0,na,na,na,0.295103316,0.301503316,OpenTarget,,,,
ENPP1,,0,na,na,na,0,0.301464116,OpenTarget,,,,
TOB2,,0,na,na,na,0,0.301464116,OpenTarget,,,,
FHL2,,0,na,na,na,0,0.301464116,OpenTarget,,,,
EFEMP1,,0,na,na,na,0,0.301464116,OpenTarget,,,,
CNOT3,,0,na,na,na,0,0.301464116,OpenTarget,,,,
SH2B1,,0,na,na,na,0,0.301391111,OpenTarget,,,,
WDR35,,0,na,na,na,0,0.301116251,OpenTarget,,,,
LGALS3,,0,na,na,na,0,0.300605824,OpenTarget,,,,
GLIS2,,0,na,na,na,0,0.300524067,OpenTarget,,,,
SYNE2,,0,na,na,na,0,0.3,OpenTarget,,,,
FAH,,0,na,na,na,0,0.299783386,OpenTarget,,,,
BCAM,,0,na,na,na,0,0.299460594,OpenTarget,,,,
TCTN1,,0,na,na,na,0,0.299442517,OpenTarget,,,,
TCTN2,,0,na,na,na,0,0.299442517,OpenTarget,,,,
CDK20,,0,na,na,na,0,0.299442517,OpenTarget,,,,
ARL3,,0,na,na,na,0,0.298836289,OpenTarget,,,,
CCNB1IP1,,0,na,na,na,0,0.298167778,OpenTarget,,,,
PTPRS,,0,na,na,na,0,0.298111667,OpenTarget,,,,
PBX1,,0,na,na,na,0,0.297940562,OpenTarget,,,,
RAB28,,0,na,na,na,0,0.2979142,OpenTarget,,,,
TMEM218,,0,na,na,na,0,0.297215172,OpenTarget,,,,
WHRN,,0,na,na,na,0,0.297128922,OpenTarget,,,,
MSH5,,0,na,na,na,0,0.297070389,OpenTarget,,,,
HMOX1,,0,na,na,na,0,0.296882766,OpenTarget,,,,
TRPC1,,0,na,na,na,0,0.296530378,OpenTarget,,,,
NFIA,,0,na,na,na,0,0.296275278,OpenTarget,,,,
EPHB4,,0,na,na,na,0,0.296236289,OpenTarget,,,,
ROBO2,,0,na,na,na,0,0.296236289,OpenTarget,,,,
DCHS1,,0,na,na,na,0,0.296236289,OpenTarget,,,,
FLCN,,0,na,na,na,0,0.296236289,OpenTarget,,,,
DLG5,,0,na,na,na,0,0.296236289,OpenTarget,,,,
PTGIS,,0,na,na,na,0,0.296236289,OpenTarget,,,,
LZTS2,,0,na,na,na,0,0.296236289,OpenTarget,,,,
XYLT2,,0,na,na,na,0,0.296236289,OpenTarget,,,,
TNKS,,0,na,na,na,0,0.295565961,OpenTarget,,,,
PRLR,,0,na,na,na,0,0.295561099,OpenTarget,,,,
PRPF8,,0,na,na,na,0,0.2950142,OpenTarget,,,,
PRPF3,,0,na,na,na,0,0.2950142,OpenTarget,,,,
TULP1,,0,na,na,na,0,0.2950142,OpenTarget,,,,
NFE2L2,,0,na,na,na,0,0.294714575,OpenTarget,,,,
LIFR,,0,na,na,na,0,0.2941505,OpenTarget,,,,
WDR13,,0,na,na,na,0,0.293568084,OpenTarget,,,,
IMPDH2,,0,na,na,na,0.293540816,0.293540816,OpenTarget,,,,
HFM1,,0,na,na,na,0,0.292722222,OpenTarget,,,,
GAS1,,0,na,na,na,0,0.292134917,OpenTarget,,,,
SUN1,,0,na,na,na,0,0.291979522,OpenTarget,,,,
MAGI2,,0,na,na,na,0,0.291837106,OpenTarget,,,,
MYO7A,,0,na,na,na,0,0.29154985,OpenTarget,,,,
MERTK,,0,na,na,na,0,0.291336422,OpenTarget,,,,
PGAP1,,0,na,na,na,0,0.291309772,OpenTarget,,,,
ADRB3,,0,na,na,na,0,0.291101522,OpenTarget,,,,
MARK4,,0,na,na,na,0,0.291101522,OpenTarget,,,,
EMX2,,0,na,na,na,0,0.29050595,OpenTarget,,,,
SAFB,,0,na,na,na,0,0.290154836,OpenTarget,,,,
TMEM18,,0,na,na,na,0,0.290022419,OpenTarget,,,,
MDK,,0,na,na,na,0,0.289198056,OpenTarget,,,,
ATXN2,,0,na,na,na,0,0.287789584,OpenTarget,,,,
TMPRSS9,,0,na,na,na,0,0.287789584,OpenTarget,,,,
PDGFD,,0,na,na,na,0,0.287789584,OpenTarget,,,,
THBS3,,0,na,na,na,0,0.287789584,OpenTarget,,,,
HSF2BP,,0,na,mid,Proteome,0,0.287789584,"CITDBase,OpenTarget",,,,
SLC47A1,,0,na,na,na,0,0.287789584,OpenTarget,,,,
IDUA,,0,na,na,na,0,0.286978925,OpenTarget,,,,
HELQ,,0,na,na,na,0,0.286841211,OpenTarget,,,,
DNAAF4,,0,na,na,na,0,0.284722222,OpenTarget,,,,
SLC7A8,,0,na,na,na,0,0.284722222,OpenTarget,,,,
NPHP1,,0,na,na,na,0,0.284566389,OpenTarget,,,,
TMEM248,,0,na,na,na,0,0.284489722,OpenTarget,,,,
FGF10,,0,low,na,RNA,0,0.2844375,"CITDBase,OpenTarget",,,,
TDRD12,,0,na,na,na,0,0.284021211,OpenTarget,,,,
RBM5,,0,na,na,na,0,0.284021211,OpenTarget,,,,
INPPL1,,0,na,na,na,0,0.283966111,OpenTarget,,,,
TWIST2,,0,na,na,na,0,0.283449861,OpenTarget,,,,
POMZP3,,0,na,na,na,0,0.283243056,OpenTarget,,,,
SLC22A5,,0,na,na,na,0,0.283079861,OpenTarget,,,,
CCNI,,0,na,na,na,0,0.282648056,OpenTarget,,,,
ACVR2B,,0,na,na,na,0,0.282227444,OpenTarget,,,,
ROBO1,,0,na,na,na,0,0.279793472,OpenTarget,,,,
ZNF521,,0,na,na,na,0,0.279110639,OpenTarget,,,,
IQCG,,0,low,na,RNA,0,0.279084722,"CITDBase,OpenTarget",,,,
SLC6A6,,0,na,na,na,0,0.2789075,OpenTarget,,,,
MAPK7,,0,na,na,na,0,0.278443472,OpenTarget,,,,
RAPGEF3,,0,na,na,na,0,0.278111126,OpenTarget,,,,
RAD50,,0,na,na,na,0,0.277283611,OpenTarget,,,,
STX2,,0,na,na,na,0,0.276445833,OpenTarget,,,,
LAMA2,,0,na,na,na,0,0.276309306,OpenTarget,,,,
DVL3,,0,na,na,na,0,0.275530556,OpenTarget,,,,
CRYGD,,0,low,na,RNA,0,0.275363648,"CITDBase,OpenTarget",,,,
GPRASP2,,0,na,na,na,0,0.275254876,OpenTarget,,,,
ARX,,0,low,mid,Proteome,0,0.275172222,"CITDBase,OpenTarget",,,,
AMER1,,0,na,na,na,0,0.274919444,OpenTarget,,,,
EDC3,,0,na,na,na,0,0.274919444,OpenTarget,,,,
NR1H4,,0,na,na,na,0,0.27412485,OpenTarget,,,,
PPARD,,0,na,na,na,0,0.274011111,OpenTarget,,,,
KIRREL1,,0,na,na,na,0,0.273693472,OpenTarget,,,,
H3-3B,,0,na,na,na,0,0.273693472,OpenTarget,,,,
PIWIL2,,0,na,na,na,0,0.273323611,OpenTarget,,,,
GK5,,0,na,na,na,0,0.272553661,OpenTarget,,,,
LHFPL2,,0,na,na,na,0,0.272222222,OpenTarget,,,,
AKAP12,,0,na,na,na,0,0.272222222,OpenTarget,,,,
SLC24A1,,0,na,na,na,0,0.272222222,OpenTarget,,,,
KLF15,,0,na,na,na,0,0.271811111,OpenTarget,,,,
ADRA2A,,0,na,na,na,0,0.271811111,OpenTarget,,,,
ACADL,,0,na,na,na,0,0.271811111,OpenTarget,,,,
GGA2,,0,na,na,na,0,0.271811111,OpenTarget,,,,
GGA1,,0,na,na,na,0,0.271811111,OpenTarget,,,,
H6PD,,0,na,na,na,0,0.271808889,OpenTarget,,,,
TGFB2,,0,na,na,na,0,0.2711075,OpenTarget,,,,
ROM1,,0,na,na,na,0,0.27084,OpenTarget,,,,
ZCWPW1,,0,na,na,na,0,0.270285556,OpenTarget,,,,
LTBP3,,0,na,na,na,0,0.268777544,OpenTarget,,,,
CHTOP,,0,na,na,na,0,0.267441111,OpenTarget,,,,
POLG2,,0,na,na,na,0,0.26734,OpenTarget,,,,
PCARE,,0,na,na,na,0,0.26734,OpenTarget,,,,
FAM161A,,0,na,na,na,0,0.26734,OpenTarget,,,,
ATP1B2,,0,na,na,na,0,0.26734,OpenTarget,,,,
IRF3,,0,na,na,na,0,0.26734,OpenTarget,,,,
JUND,,0,na,na,na,0,0.266968333,OpenTarget,,,,
SPTBN4,,0,na,na,na,0,0.266476111,OpenTarget,,,,
CHGB,,0,na,na,na,0,0.265371083,OpenTarget,,,,
EPHB2,,0,na,na,na,0,0.262062026,OpenTarget,,,,
CHRM3,,0,na,na,na,0.261111111,0.261111111,OpenTarget,,,,
SLC23A2,,0,na,na,na,0,0.259898333,OpenTarget,,,,
WNT5A,,0,na,na,na,0,0.259471667,OpenTarget,,,,
DHCR7,,0,na,na,na,0,0.256871667,OpenTarget,,,,
RFNG,,0,na,na,na,0,0.256871667,OpenTarget,,,,
HAAO,,0,na,na,na,0,0.256871667,OpenTarget,,,,
ADAMTS5,,0,na,na,na,0,0.256871667,OpenTarget,,,,
HSF4,,0,na,na,na,0,0.256648611,OpenTarget,,,,
CITED2,,0,na,na,na,0,0.253204444,OpenTarget,,,,
GATM,,0,na,na,na,0,0.2526,OpenTarget,,,,
SGCD,,0,na,na,na,0,0.251914444,OpenTarget,,,,
LY6E,,0,na,na,na,0,0.251621111,OpenTarget,,,,
HSF1,,0,na,na,na,0,0.251,OpenTarget,,,,
NPR1,,0,na,na,na,0,0.250362778,OpenTarget,,,,
RARA,,0,na,na,na,0,0.250349444,OpenTarget,,,,
EWSR1,,0,na,na,na,0,0.25,OpenTarget,,,,
RYK,,0,na,na,na,0,0.25,OpenTarget,,,,
ANTXR2,,0,na,na,na,0,0.25,OpenTarget,,,,
SYCE2,,0,na,low,Proteome,0,0.25,"CITDBase,OpenTarget",,,,
PSKH1,,0,na,na,na,0,0.25,OpenTarget,,,,
FZD1,,0,na,na,na,0,0.25,OpenTarget,,,,
DHX58,,0,na,na,na,0,0.25,OpenTarget,,,,
BMF,,0,na,na,na,0,0.25,OpenTarget,,,,
NISCH,,0,na,na,na,0,0.25,OpenTarget,,,,
MORC2,,0,na,na,na,0,0.24901,OpenTarget,,,,
PATZ1,,0,na,na,na,0,0.24901,OpenTarget,,,,
MSH4,,0,na,na,na,0,0.24901,OpenTarget,,,,
SMYD4,,0,na,na,na,0,0.248321111,OpenTarget,,,,
PRDX4,,0,na,na,na,0,0.248321111,OpenTarget,,,,
PHF13,,0,na,na,na,0,0.248321111,OpenTarget,,,,
UNC5C,,0,na,na,na,0,0.248185,OpenTarget,,,,
SLC25A25,,0,na,na,na,0,0.248185,OpenTarget,,,,
OSMR,,0,na,na,na,0,0.248185,OpenTarget,,,,
CDO1,,0,na,na,na,0,0.248185,OpenTarget,,,,
FFAR1,,0,na,na,na,0,0.248185,OpenTarget,,,,
BCAT2,,0,na,na,na,0,0.248185,OpenTarget,,,,
CCDC80,,0,na,na,na,0,0.248185,OpenTarget,,,,
CPEB1,,0,na,na,na,0,0.24787,OpenTarget,,,,
MAG,,0,na,na,na,0,0.24742,OpenTarget,,,,
JAM3,,0,na,na,na,0,0.24731,OpenTarget,,,,
ZSWIM7,,0,na,na,na,0,0.246905,OpenTarget,,,,
TIAL1,,0,na,na,na,0,0.246905,OpenTarget,,,,
TSHZ1,,0,na,na,na,0,0.2461,OpenTarget,,,,
KIF27,,0,na,na,na,0,0.245653333,OpenTarget,,,,
NHS,,0,na,na,na,0,0.245381111,OpenTarget,,,,
SH3PXD2B,,0,na,na,na,0,0.24507,OpenTarget,,,,
STIM2,,0,na,na,na,0,0.24507,OpenTarget,,,,
SLC19A2,,0,na,na,na,0,0.24505,OpenTarget,,,,
SCML2,,0,na,na,na,0,0.24505,OpenTarget,,,,
MOV10L1,,0,na,na,na,0,0.24505,OpenTarget,,,,
SYTL4,,0,na,na,na,0,0.24436,OpenTarget,,,,
SOX5,,0,na,na,na,0,0.2431,OpenTarget,,,,
FGFRL1,,0,na,na,na,0,0.2431,OpenTarget,,,,
LTBP4,,0,na,na,na,0,0.2431,OpenTarget,,,,
EFEMP2,,0,na,na,na,0,0.241035,OpenTarget,,,,
PON3,,0,na,na,na,0,0.235175,OpenTarget,,,,
WNK4,,0,na,na,na,0,0.234815,OpenTarget,,,,
SLC39A13,,0,na,na,na,0,0.2335,OpenTarget,,,,
PTCH2,,0,na,na,na,0,0.232775,OpenTarget,,,,
HDAC3,,0,na,na,na,0.225,0.2319,OpenTarget,,,,
LARGE1,,0,na,na,na,0,0.23135,OpenTarget,,,,
FKRP,,0,na,na,na,0,0.227125,OpenTarget,,,,
PXDN,,0,na,na,na,0,0.227125,OpenTarget,,,,
MTUS1,,0,na,na,na,0,0.2265,OpenTarget,,,,
ATRAID,,0,na,na,na,0,0.22535,OpenTarget,,,,
NDUFS2,,0,na,na,na,0.2225,0.2225,OpenTarget,,,,
FBN1,,0,na,na,na,0,0.214543889,OpenTarget,,,,
COMT,,0,na,na,na,0,0.211225,OpenTarget,,,,
ANTXR1,,0,na,na,na,0,0.210275,OpenTarget,,,,
NTF3,,0,na,na,na,0,0.2072125,OpenTarget,,,,
CBS,,0,na,na,na,0,0.20675,OpenTarget,,,,
AKT2,,0,na,na,na,0,0.2062,OpenTarget,,,,
SPIDR,,0,na,na,na,0,0.206,OpenTarget,,,,
EDA,,0,na,na,na,0,0.2046,OpenTarget,,,,
POR,,0,na,na,na,0,0.2039,OpenTarget,,,,
SCUBE1,,0,na,na,na,0,0.2029,OpenTarget,,,,
SRC,,0,na,na,na,0,0.2026,OpenTarget,,,,
CNTNAP1,,0,na,na,na,0,0.201,OpenTarget,,,,
ENG,,0,na,na,na,0,0.20058,OpenTarget,,,,
PCDHA10,,0,na,na,na,0,0.2,OpenTarget,,,,
GNL1,,0,na,na,na,0,0.2,OpenTarget,,,,
PLA2G2A,,0,na,na,na,0.2,0.2,OpenTarget,,,,
IMMP2L,,0,na,na,na,0,0.2,OpenTarget,,,,
GAS6,,0,na,na,na,0,0.2,OpenTarget,,,,
FZD4,,0,na,na,na,0,0.2,OpenTarget,,,,
RESF1,,0,na,na,na,0,0.2,OpenTarget,,,,
LAMB2,,0,na,na,na,0,0.2,OpenTarget,,,,
PDE7B,,0,na,na,na,0.2,0.2,OpenTarget,,,,
ZRSR2,,0,na,na,na,0,0.2,OpenTarget,,,,
PBX3,,0,na,na,na,0,0.2,OpenTarget,,,,
PKD1L2,,0,na,na,na,0,0.2,OpenTarget,,,,
STK36,,0,na,na,na,0,0.2,OpenTarget,,,,
ZFP36L2,,0,na,na,na,0,0.2,OpenTarget,,,,
LSM14B,,0,na,na,na,0,0.2,OpenTarget,,,,
GAS2,,0,na,na,na,0,0.2,OpenTarget,,,,
RABL2A,,0,na,na,na,0,0.2,OpenTarget,,,,
ARNT,,0,na,na,na,0,0.2,OpenTarget,,,,
MBD1,,0,na,na,na,0,0.2,OpenTarget,,,,
SMARCAL1,,0,na,na,na,0,0.2,OpenTarget,,,,
LPIN1,,0,na,na,na,0,0.2,OpenTarget,,,,
RGS22,,0,na,na,na,0,0.2,OpenTarget,,,,
SYNE1,,0,na,na,na,0,0.2,OpenTarget,,,,
PDE1B,,0,na,na,na,0.2,0.2,OpenTarget,,,,
KCNJ8,,0,na,na,na,0.2,0.2,OpenTarget,,,,
BBOF1,,0,na,na,na,0,0.2,OpenTarget,,,,
P3H1,,0,na,na,na,0,0.2,OpenTarget,,,,
ECE1,,0,na,na,na,0,0.2,OpenTarget,,,,
PDE10A,,0,na,na,na,0.2,0.2,OpenTarget,,,,
COL12A1,,0,na,na,na,0,0.2,OpenTarget,,,,
PHC1,,0,na,na,na,0,0.2,OpenTarget,,,,
ADGRD1,,0,na,na,na,0,0.2,OpenTarget,,,,
TNS2,,0,na,na,na,0,0.2,OpenTarget,,,,
HSD17B1,,0,na,na,na,0,0.2,OpenTarget,,,,
FBXO24,,0,na,na,na,0,0.2,OpenTarget,,,,
PDE4C,,0,na,na,na,0.2,0.2,OpenTarget,,,,
CDC25B,,0,na,na,na,0,0.2,OpenTarget,,,,
NUBP2,,0,na,na,na,0,0.2,OpenTarget,,,,
PDE6C,,0,na,na,na,0.2,0.2,OpenTarget,,,,
B4GALT1,,0,na,na,na,0,0.2,OpenTarget,,,,
RABL2B,,0,na,na,na,0,0.2,OpenTarget,,,,
DAZAP1,,0,na,na,na,0,0.2,OpenTarget,,,,
GPRC5A,,0,na,na,na,0,0.2,OpenTarget,,,,
CFH,,0,na,na,na,0,0.2,OpenTarget,,,,
CTNNB1,,0,na,na,na,0,0.198305533,OpenTarget,,,,
MMP2,,0,na,na,na,0,0.198079644,OpenTarget,,,,
CCS,,0,na,na,na,0,0.1976,OpenTarget,,,,
PROX1,,0,na,na,na,0,0.19718,OpenTarget,,,,
CUL7,,0,na,na,na,0,0.19718,OpenTarget,,,,
CLDN11,,0,na,na,na,0,0.19704,OpenTarget,,,,
NLGN3,,0,na,na,na,0,0.19662,OpenTarget,,,,
RNF212,,0,na,na,na,0,0.196132419,OpenTarget,,,,
PLD6,,0,na,mid,Proteome,0,0.19604,"CITDBase,OpenTarget",,,,
NUPR1,,0,na,na,na,0,0.19604,OpenTarget,,,,
SLC4A2,,0,na,na,na,0,0.19604,OpenTarget,,,,
NME5,,0,na,mid,Proteome,0,0.19604,"CITDBase,OpenTarget",,,,
TAZ,,0,na,na,na,0,0.19604,OpenTarget,,,,
SCMH1,,0,na,na,na,0,0.19604,OpenTarget,,,,
NBEA,,0,na,na,na,0,0.19578,OpenTarget,,,,
FAAP20,,0,na,na,na,0,0.1956,OpenTarget,,,,
NGF,,0,na,na,na,0,0.194789519,OpenTarget,,,,
COL5A2,,0,na,na,na,0,0.19448,OpenTarget,,,,
SULF2,,0,na,na,na,0,0.19448,OpenTarget,,,,
STK40,,0,na,na,na,0,0.19448,OpenTarget,,,,
ROR1,,0,na,na,na,0,0.19448,OpenTarget,,,,
FBXW8,,0,na,na,na,0,0.19448,OpenTarget,,,,
MN1,,0,na,na,na,0,0.19448,OpenTarget,,,,
NPAS3,,0,na,na,na,0,0.19448,OpenTarget,,,,
PRDM16,,0,na,na,na,0,0.19448,OpenTarget,,,,
RCN3,,0,na,na,na,0,0.19448,OpenTarget,,,,
MYCN,,0,na,na,na,0,0.19448,OpenTarget,,,,
TSHZ3,,0,na,na,na,0,0.19448,OpenTarget,,,,
GORAB,,0,na,na,na,0,0.19448,OpenTarget,,,,
PLAGL1,,0,na,na,na,0,0.19448,OpenTarget,,,,
MDFI,,0,na,na,na,0,0.19448,OpenTarget,,,,
ZFAND5,,0,na,na,na,0,0.19448,OpenTarget,,,,
FBLN1,,0,na,na,na,0,0.19448,OpenTarget,,,,
PTGES3,,0,low,na,RNA,0,0.19448,"CITDBase,OpenTarget",,,,
SLC18A2,,0,na,na,na,0,0.19402,OpenTarget,,,,
CETN2,,0,na,na,na,0,0.19402,OpenTarget,,,,
NXNL2,,0,na,na,na,0,0.19402,OpenTarget,,,,
MEX3B,,0,na,na,na,0,0.19148,OpenTarget,,,,
CLCN5,,0,na,na,na,0,0.1898,OpenTarget,,,,
NR3C2,,0,na,na,na,0,0.188591822,OpenTarget,,,,
CLCNKA,,0,na,na,na,0,0.18832,OpenTarget,,,,
NAGLU,,0,na,na,na,0,0.18708,OpenTarget,,,,
CREBBP,,0,na,na,na,0,0.186598889,OpenTarget,,,,
PLCD1,,0,na,na,na,0,0.18622,OpenTarget,,,,
TIMM23B-AGAP6,,0,na,na,na,0,0.18622,OpenTarget,,,,
BTD,,0,na,na,na,0,0.18622,OpenTarget,,,,
ZNF462,,0,na,na,na,0,0.18622,OpenTarget,,,,
VLDLR,,0,na,na,na,0,0.18622,OpenTarget,,,,
KSR1,,0,na,na,na,0,0.18622,OpenTarget,,,,
RGN,,0,na,na,na,0,0.18622,OpenTarget,,,,
ZFP36,,0,na,na,na,0,0.18622,OpenTarget,,,,
CERS4,,0,na,na,na,0,0.18622,OpenTarget,,,,
RNASE10,,0,na,na,na,0,0.18598,OpenTarget,,,,
TMEM94,,0,na,na,na,0,0.18598,OpenTarget,,,,
TPCN2,,0,na,na,na,0,0.18598,OpenTarget,,,,
SLC38A10,,0,na,na,na,0,0.18598,OpenTarget,,,,
FKBP9,,0,na,na,na,0,0.18598,OpenTarget,,,,
HNRNPA1,,0,na,na,na,0,0.18508,OpenTarget,,,,
MYH11,,0,na,na,na,0,0.18508,OpenTarget,,,,
MYH10,,0,na,na,na,0,0.18508,OpenTarget,,,,
MACROD1,,0,na,na,na,0,0.18498,OpenTarget,,,,
ADD1,,0,na,na,na,0,0.18496,OpenTarget,,,,
LCAT,,0,na,na,na,0,0.184635,OpenTarget,,,,
SYCP2L,,0,na,na,na,0,0.18398,OpenTarget,,,,
DISC1,,0,na,na,na,0,0.183941111,OpenTarget,,,,
PLXNB2,,0,na,na,na,0,0.1827,OpenTarget,,,,
ALDH1A2,,0,na,na,na,0,0.1827,OpenTarget,,,,
TCIRG1,,0,na,na,na,0,0.18112,OpenTarget,,,,
SAV1,,0,na,na,na,0,0.18084,OpenTarget,,,,
MAN2C1,,0,na,na,na,0,0.18084,OpenTarget,,,,
CLDN15,,0,na,na,na,0,0.18084,OpenTarget,,,,
NMNAT3,,0,na,na,na,0,0.18056,OpenTarget,,,,
RBM20,,0,na,na,na,0,0.18028,OpenTarget,,,,
TPM2,,0,na,na,na,0,0.18028,OpenTarget,,,,
PJA1,,0,na,na,na,0,0.18028,OpenTarget,,,,
MAF,,0,na,na,na,0,0.18028,OpenTarget,,,,
NAALADL2,,0,na,na,na,0,0.18028,OpenTarget,,,,
POLR3D,,0,na,na,na,0,0.18028,OpenTarget,,,,
FYCO1,,0,na,na,na,0,0.18028,OpenTarget,,,,
MIPOL1,,0,na,na,na,0,0.18028,OpenTarget,,,,
CPSF7,,0,na,na,na,0,0.18028,OpenTarget,,,,
ZNF182,,0,na,low,Proteome,0,0.18028,"CITDBase,OpenTarget",,,,
ALDH1L1,,0,na,na,na,0,0.18028,OpenTarget,,,,
ADAMTSL4,,0,na,na,na,0,0.18028,OpenTarget,,,,
GPR161,,0,na,na,na,0,0.18028,OpenTarget,,,,
TMEM8B,,0,na,na,na,0,0.18028,OpenTarget,,,,
EPC2,,0,na,na,na,0,0.18028,OpenTarget,,,,
MAU2,,0,na,na,na,0,0.18028,OpenTarget,,,,
SUPT7L,,0,na,na,na,0,0.18028,OpenTarget,,,,
ANGPTL1,,0,na,na,na,0,0.18028,OpenTarget,,,,
GRM6,,0,na,na,na,0,0.18028,OpenTarget,,,,
CDK5RAP3,,0,na,na,na,0,0.18028,OpenTarget,,,,
KAT8,,0,na,na,na,0,0.18028,OpenTarget,,,,
CYB5R3,,0,na,na,na,0,0.18028,OpenTarget,,,,
MYO15A,,0,na,na,na,0,0.18028,OpenTarget,,,,
COL16A1,,0,na,na,na,0,0.18028,OpenTarget,,,,
CDK13,,0,na,na,na,0,0.18028,OpenTarget,,,,
RCN1,,0,na,na,na,0,0.18028,OpenTarget,,,,
BRD9,,0,na,na,na,0,0.18028,OpenTarget,,,,
SELENOP,,0,na,na,na,0,0.18018,OpenTarget,,,,
CTTN,,0,na,na,na,0,0.1666,OpenTarget,,,,
HBE1,,0,na,na,na,0,0.148412205,OpenTarget,,,,
EDNRA,,0,low,low,RNA,0.1,0.111688889,"CITDBase,OpenTarget",,,,
HDAC10,,0,na,na,na,0.1,0.1015,OpenTarget,,,,
HDAC5,,0,na,na,na,0.1,0.1,OpenTarget,,,,
HDAC7,,0,na,na,na,0.1,0.1,OpenTarget,,,,
ABL1,,0,na,na,na,0.09,0.09,OpenTarget,,,,
MTHFR,,0,na,na,na,0,0.072730929,OpenTarget,,,,
SLC2A4RG,,0,na,na,na,0,0.0722,OpenTarget,,,,
TIMP1,,0,na,na,na,0,0.071312255,OpenTarget,,,,
REN,,0,na,na,na,0,0.068293809,OpenTarget,,,,
IGFBP1,,0,na,na,na,0,0.067581519,OpenTarget,,,,
SERPINE1,,0,na,na,na,0,0.065679273,OpenTarget,,,,
PON1,,0,na,na,na,0,0.053158449,OpenTarget,,,,
FGF2,,0,na,na,na,0,0.052431999,OpenTarget,,,,
ACVR1C,,0,na,na,na,0,0.0512,OpenTarget,,,,
IGFBP2,,0,na,na,na,0,0.050797856,OpenTarget,,,,
NR2C2,,0,na,na,na,0,0.049645111,OpenTarget,,,,
PPARG,,0,na,na,na,0,0.047866767,OpenTarget,,,,
NPAP1,,0,na,na,na,0,0.046880556,OpenTarget,,,,
FOXO1,,0,na,na,na,0,0.0462,OpenTarget,,,,
GSTM1,,0,na,na,na,0,0.045595889,OpenTarget,,,,
PRDM2,,0,na,na,na,0,0.0448,OpenTarget,,,,
HPX,,0,na,na,na,0,0.044677111,OpenTarget,,,,
TPT1,,0,na,na,na,0,0.0431,OpenTarget,,,,
VCAM1,,0,na,na,na,0,0.042664126,OpenTarget,,,,
IGF1R,,0,na,na,na,0,0.042594188,OpenTarget,,,,
SOCS1,,0,na,na,na,0,0.0416,OpenTarget,,,,
ADAMTS13,,0,na,na,na,0,0.040880201,OpenTarget,,,,
GREB1L,,0,na,na,na,0,0.0394,OpenTarget,,,,
CYP2D6,,0,na,na,na,0,0.038444444,OpenTarget,,,,
CTSK,,0,na,na,na,0,0.0372,OpenTarget,,,,
APOA1,,0,na,na,na,0,0.036870479,OpenTarget,,,,
DHRS2,,0,na,na,na,0,0.0365,OpenTarget,,,,
NCAM1,,0,na,na,na,0,0.035588889,OpenTarget,,,,
SYVN1,,0,na,na,na,0,0.0354,OpenTarget,,,,
KDM1A,,0,na,na,na,0,0.034910111,OpenTarget,,,,
CD99,,0,na,na,na,0,0.034,OpenTarget,,,,
RPS4X,,0,na,na,na,0,0.032,OpenTarget,,,,
ANG,,0,na,na,na,0,0.0314,OpenTarget,,,,
DIRAS3,,0,na,na,na,0,0.0308,OpenTarget,,,,
PEX6,,0,na,na,na,0,0.0308,OpenTarget,,,,
OGG1,,0,na,na,na,0,0.0308,OpenTarget,,,,
ADCY9,,0,na,na,na,0,0.0289,OpenTarget,,,,
SMAD4,,0,na,na,na,0,0.0288,OpenTarget,,,,
TRIM28,,0,na,na,na,0,0.028733333,OpenTarget,,,,
AXL,,0,na,na,na,0,0.0275,OpenTarget,,,,
ALDH1A1,,0,na,na,na,0,0.0275,OpenTarget,,,,
IGFBP5,,0,na,na,na,0,0.0274,OpenTarget,,,,
NPC2,,0,na,na,na,0,0.0272,OpenTarget,,,,
PREB,,0,na,na,na,0,0.0268,OpenTarget,,,,
TAX1BP3,,0,na,na,na,0,0.026,OpenTarget,,,,
SETDB1,,0,na,na,na,0,0.026,OpenTarget,,,,
KAT5,,0,na,na,na,0,0.0256,OpenTarget,,,,
MAMLD1,,0,na,na,na,0,0.025278655,OpenTarget,,,,
POM121,,0,na,na,na,0,0.0252,OpenTarget,,,,
DLK1,,0,na,na,na,0,0.0252,OpenTarget,,,,
ZNF274,,0,na,na,na,0,0.0252,OpenTarget,,,,
TFPI2,,0,na,na,na,0,0.0252,OpenTarget,,,,
DIO3,,0,low,na,RNA,0,0.0252,"CITDBase,OpenTarget",,,,
DONSON,,0,na,na,na,0,0.0248,OpenTarget,,,,
KLF2,,0,na,na,na,0,0.0248,OpenTarget,,,,
CEP72,,0,na,na,na,0,0.0248,OpenTarget,,,,
CD81,,0,na,na,na,0,0.0248,OpenTarget,,,,
ZNF358,,0,na,na,na,0,0.0244,OpenTarget,,,,
ADCY6,,0,na,na,na,0,0.0244,OpenTarget,,,,
ZNF385B,,0,na,na,na,0,0.0244,OpenTarget,,,,
F3,,0,na,na,na,0,0.0244,OpenTarget,,,,
MATN1,,0,na,na,na,0,0.0242,OpenTarget,,,,
ABO,,0,na,na,na,0,0.024,OpenTarget,,,,
ANKK1,,0,na,na,na,0,0.024,OpenTarget,,,,
CEBPD,,0,na,na,na,0,0.02285,OpenTarget,,,,
ADAM12,,0,na,na,na,0,0.0221,OpenTarget,,,,
MAOB,,0,na,na,na,0,0.0214,OpenTarget,,,,
CEP164,,0,na,na,na,0,0.020955556,OpenTarget,,,,
TNXB,,0,na,na,na,0,0.0206,OpenTarget,,,,
TBX3,,0,na,na,na,0,0.0202,OpenTarget,,,,
PLXNA1,,0,na,na,na,0,0.0202,OpenTarget,,,,
NPHP4,,0,na,na,na,0,0.0194,OpenTarget,,,,
VIM,,0,na,na,na,0,0.018521556,OpenTarget,,,,
NDRG2,,0,na,na,na,0,0.0185,OpenTarget,,,,
FGFR4,,0,na,na,na,0,0.0183,OpenTarget,,,,
OFD1,,0,na,low,Proteome,0,0.018154889,"CITDBase,OpenTarget",,,,
MYC,,0,na,na,na,0,0.018005556,OpenTarget,,,,
MAT2A,,0,na,na,na,0,0.018,OpenTarget,,,,
MAT1A,,0,na,na,na,0,0.018,OpenTarget,,,,
KMT2A,,0,na,na,na,0,0.017844444,OpenTarget,,,,
SLC12A4,,0,na,na,na,0,0.017719444,OpenTarget,,,,
TIMP2,,0,na,na,na,0,0.017713889,OpenTarget,,,,
TNXA,,0,na,na,na,0,0.0176,OpenTarget,,,,
LRP1,,0,na,na,na,0,0.0172,OpenTarget,,,,
C17orf67,,0,low,na,RNA,0,0.0172,"CITDBase,OpenTarget",,,,
PENK,,0,na,na,na,0,0.0168,OpenTarget,,,,
AMT,,0,na,na,na,0,0.0168,OpenTarget,,,,
MAP2K5,,0,na,na,na,0,0.0168,OpenTarget,,,,
SERPINF1,,0,na,na,na,0,0.0168,OpenTarget,,,,
DLEC1,,0,na,na,HPA,0,0.0168,"CITDBase,OpenTarget",,,,
BNC2,,0,na,na,na,0,0.016555556,OpenTarget,,,,
IFT22,,0,na,na,na,0,0.0163,OpenTarget,,,,
MSH6,,0,na,na,na,0,0.016105556,OpenTarget,,,,
SIRT3,,0,na,na,na,0,0.0155,OpenTarget,,,,
THPO,,0,na,na,na,0,0.0155,OpenTarget,,,,
CNTLN,,0,na,na,na,0,0.015255333,OpenTarget,,,,
VIPR2,,0,na,na,na,0,0.015,OpenTarget,,,,
RTTN,,0,na,na,na,0,0.0148,OpenTarget,,,,
AHI1,,0,na,na,na,0,0.014635732,OpenTarget,,,,
KDM5C,,0,na,na,na,0,0.0145,OpenTarget,,,,
CPS1,,0,na,na,na,0,0.0144,OpenTarget,,,,
BMP6,,0,na,na,na,0,0.0144,OpenTarget,,,,
BMPR1A,,0,na,na,na,0,0.0142,OpenTarget,,,,
DEPTOR,,0,na,na,na,0,0.0136,OpenTarget,,,,
NKD1,,0,na,na,na,0,0.0136,OpenTarget,,,,
RHD,,0,na,na,na,0,0.0135,OpenTarget,,,,
TXNRD2,,0,na,na,na,0,0.0135,OpenTarget,,,,
PRX,,0,na,na,na,0,0.013444444,OpenTarget,,,,
AOPEP,,0,na,na,na,0,0.0134,OpenTarget,,,,
SCAF1,,0,na,na,na,0,0.0134,OpenTarget,,,,
ISLR,,0,low,na,RNA,0,0.0132,"CITDBase,OpenTarget",,,,
JUN,,0,na,na,na,0,0.013,OpenTarget,,,,
NR4A2,,0,na,na,na,0,0.013,OpenTarget,,,,
GLUL,,0,na,na,na,0,0.013,OpenTarget,,,,
DLG4,,0,na,na,na,0,0.0129,OpenTarget,,,,
MED12,,0,na,na,na,0,0.0128,OpenTarget,,,,
HSP90AB1,,0,na,na,na,0,0.0126,OpenTarget,,,,
CASP9,,0,na,na,na,0,0.0125,OpenTarget,,,,
PLTP,,0,na,na,na,0,0.0124,OpenTarget,,,,
THBS2,,0,na,na,na,0,0.0121,OpenTarget,,,,
TMEM216,,0,na,na,na,0,0.012,OpenTarget,,,,
COL18A1,,0,na,na,na,0,0.012,OpenTarget,,,,
PLPP3,,0,na,na,na,0,0.012,OpenTarget,,,,
RERG,,0,na,na,na,0,0.012,OpenTarget,,,,
SRPX2,,0,na,na,na,0,0.012,OpenTarget,,,,
EPHB3,,0,na,na,na,0,0.0116,OpenTarget,,,,
DHX37,,0,na,na,na,0,0.0116,OpenTarget,,,,
NR4A1,,0,na,na,na,0,0.0116,OpenTarget,,,,
RARRES2,,0,na,na,na,0,0.0116,OpenTarget,,,,
NEFH,,0,na,na,na,0,0.0116,OpenTarget,,,,
CCDC8,,0,low,na,RNA,0,0.0116,"CITDBase,OpenTarget",,,,
TERF1,,0,na,na,na,0,0.0112,OpenTarget,,,,
KLF4,,0,na,na,na,0,0.0112,OpenTarget,,,,
SLC8B1,,0,na,na,na,0,0.0112,OpenTarget,,,,
CDH3,,0,na,na,na,0,0.0112,OpenTarget,,,,
NR2F1,,0,na,na,na,0,0.0108,OpenTarget,,,,
NLGN4X,,0,na,na,na,0,0.0108,OpenTarget,,,,
IGFBP4,,0,na,na,na,0,0.0108,OpenTarget,,,,
SUOX,,0,na,na,na,0,0.0108,OpenTarget,,,,
RXYLT1,,0,na,na,na,0,0.0108,OpenTarget,,,,
SFRP4,,0,na,na,HPA,0,0.0108,"CITDBase,OpenTarget",,,,
RARB,,0,na,na,na,0,0.0108,OpenTarget,,,,
OBSL1,,0,low,na,RNA,0,0.0108,"CITDBase,OpenTarget",,,,
RYR2,,0,na,na,na,0,0.010429645,OpenTarget,,,,
RPS18,,0,na,na,na,0,0.0104,OpenTarget,,,,
CFI,,0,na,na,na,0,0.0104,OpenTarget,,,,
ACTG1,,0,na,na,na,0,0.0104,OpenTarget,,,,
RPSA,,0,na,na,na,0,0.0104,OpenTarget,,,,
ARSL,,0,na,na,na,0,0.0104,OpenTarget,,,,
SETBP1,,0,na,na,na,0,0.0104,OpenTarget,,,,
TAGLN,,0,na,na,na,0,0.0104,OpenTarget,,,,
LUM,,0,na,na,na,0,0.0104,OpenTarget,,,,
SLC40A1,,0,na,na,na,0,0.0104,OpenTarget,,,,
AOX1,,0,na,na,na,0,0.0104,OpenTarget,,,,
RFX1,,0,na,na,na,0,0.0104,OpenTarget,,,,
NR1D1,,0,na,na,na,0,0.0104,OpenTarget,,,,
PSPN,,0,na,na,na,0,0.0104,OpenTarget,,,,
PLCG1,,0,na,na,na,0,0.0104,OpenTarget,,,,
CHST3,,0,na,na,na,0,0.0104,OpenTarget,,,,
NR4A3,,0,na,na,na,0,0.0104,OpenTarget,,,,
KLF9,,0,na,na,na,0,0.0104,OpenTarget,,,,
USP35,,0,na,na,na,0,0.0104,OpenTarget,,,,
PITRM1,,0,na,na,na,0,0.0104,OpenTarget,,,,
NRF1,,0,na,na,na,0,0.0104,OpenTarget,,,,
TAF6,,0,na,na,na,0,0.0104,OpenTarget,,,,
JAK3,,0,na,na,na,0,0.0104,OpenTarget,,,,
LGALS1,,0,na,na,na,0,0.0104,OpenTarget,,,,
SERPIND1,,0,na,na,na,0,0.0104,OpenTarget,,,,
AAAS,,0,na,na,na,0,0.0104,OpenTarget,,,,
DDHD2,,0,na,na,na,0,0.0104,OpenTarget,,,,
TRO,,0,na,na,na,0,0.0104,OpenTarget,,,,
KRIT1,,0,na,na,na,0,0.0104,OpenTarget,,,,
IGSF10,,0,low,na,RNA,0,0.0104,"CITDBase,OpenTarget",,,,
SLC16A2,,0,na,na,na,0,0.01,OpenTarget,,,,
PLCXD3,,0,na,na,na,0,0.0088,OpenTarget,,,,
GPX8,,0,na,na,na,0,0.0088,OpenTarget,,,,
PBXIP1,,0,na,na,na,0,0.0088,OpenTarget,,,,
TCP10L,,0,na,na,na,0,0.0068,OpenTarget,,,,
DPY19L2,,0,na,na,na,0,0.0068,OpenTarget,,,,
ID4,,0,na,na,na,0,0.0068,OpenTarget,,,,
ADAMTS1,,0,na,na,na,0,0.0068,OpenTarget,,,,
BRD4,,0,na,na,na,0,0.0068,OpenTarget,,,,
PEG10,,0,na,na,na,0,0.006,OpenTarget,,,,
HOXC4,,0,na,na,na,0,0.006,OpenTarget,,,,
RAVER1,,0,na,na,na,0,0.006,OpenTarget,,,,
WASF1,,0,na,na,na,0,0.006,OpenTarget,,,,
OVGP1,,0,high,na,RNA,0,0.0056,"CITDBase,OpenTarget",yes,nd,nd,yes
ZNF205,,0,na,na,na,0,0.0044,OpenTarget,,,,
PMEL,,0,na,na,na,0,0.004,OpenTarget,,,,
P4HTM,,0,na,na,na,0,0.004,OpenTarget,,,,
STAT6,,0,na,na,na,0,0.004,OpenTarget,,,,
RPS27A,,0,na,na,na,0,0.004,OpenTarget,,,,
GSTM3,,0,na,na,na,0,0.004,OpenTarget,,,,
NPRL3,,0,na,na,na,0,0.004,OpenTarget,,,,
ABLIM1,,0,na,na,na,0,0.004,OpenTarget,,,,
MAPRE3,,0,na,na,na,0,0.004,OpenTarget,,,,
DIS3L2,,0,na,na,na,0,0.000379472,OpenTarget,,,,
CDH4,,0,na,na,na,0,0.000302295,OpenTarget,,,,
MTHFD1L,,0,na,na,na,0,0.000234852,OpenTarget,,,,
NYNRIN,,0,na,na,na,0,0.000209066,OpenTarget,,,,
MMAB,,0,na,na,na,0,0.000154586,OpenTarget,,,,
L3MBTL4,,0,na,na,na,0,0.000147695,OpenTarget,,,,
FGF7,,0,na,na,na,0,0.000125978,OpenTarget,,,,
EFHD1,,0,na,na,na,0,0.000121663,OpenTarget,,,,
GCKR,,0,na,na,na,0,0.0001145,OpenTarget,,,,
PTPRG,,0,na,na,na,0,0.000106343,OpenTarget,,,,
ZNF320,,0,na,na,na,0,8.09369E-05,OpenTarget,,,,
ZGPAT,,0,na,na,na,0,6.2227E-05,OpenTarget,,,,
PLA2G6,,0,na,na,na,0,3.49224E-05,OpenTarget,,,,
CCHCR1,,0,na,na,na,0,3.33049E-05,OpenTarget,,,,
IRF2BPL,,0,na,na,na,0,3.32373E-05,OpenTarget,,,,
ZNF248,,0,na,na,na,0,3.04942E-05,OpenTarget,,,,
MEIS2,,0,na,na,na,0,2.55564E-05,OpenTarget,,,,
ADAMTS17,,0,na,na,na,0,1.5495E-05,OpenTarget,,,,
RGMB,,0,na,na,na,0,1.04836E-05,OpenTarget,,,,
C7orf50,,0,na,na,na,0,3.86087E-06,OpenTarget,,,,
ACRBP,0,1,na,mid,Proteome,,,CITDBase,,,,
ACRV1,0,0,na,mid,Proteome,,,CITDBase,,,,
ACTL7A,0,0,na,mid,Proteome,,,CITDBase,,,,
ACTL8,0,0,na,mid,Proteome,,,CITDBase,,,,
ACTRT2,0,0,na,mid,Proteome,,,CITDBase,,,,
ADAM2,0,1,na,mid,Proteome,,,CITDBase,,,,
ADAM30,0,1,na,mid,Proteome,,,CITDBase,,,,
ADAM32,0,1,na,mid,Proteome,,,CITDBase,,,,
ALPPL2,0,1,na,mid,Proteome,,,CITDBase,,,,
AMH,0,1,na,mid,Proteome,,,CITDBase,,,,
ANHX,0,0,na,mid,Proteome,,,CITDBase,,,,
AOC2,0,1,na,mid,Proteome,,,CITDBase,,,,
APITD1,0,0,na,mid,Proteome,,,CITDBase,,,,
ARNTL2,0,1,na,mid,Proteome,,,CITDBase,,,,
ASB3,0,0,na,mid,Proteome,,,CITDBase,,,,
BUB1,0,1,na,mid,Proteome,,,CITDBase,,,,
C10orf107,0,0,na,mid,Proteome,,,CITDBase,,,,
C12orf60,0,0,na,mid,Proteome,,,CITDBase,,,,
C15orf41,0,0,na,mid,Proteome,,,CITDBase,,,,
C15orf43,0,0,na,mid,Proteome,,,CITDBase,,,,
C17orf104,0,0,na,mid,Proteome,,,CITDBase,,,,
C17orf96,0,0,na,mid,Proteome,,,CITDBase,,,,
C20orf144,0,0,na,mid,Proteome,,,CITDBase,,,,
C3orf71,0,0,na,mid,Proteome,,,CITDBase,,,,
C4orf46,0,0,na,mid,Proteome,,,CITDBase,,,,
C5orf34,0,0,na,mid,Proteome,,,CITDBase,,,,
C7orf61,0,0,na,mid,Proteome,,,CITDBase,,,,
CABP1,0,0,na,mid,Proteome,,,CITDBase,,,,
CABS1,0,0,na,mid,Proteome,,,CITDBase,,,,
CABYR,0,0,na,mid,Proteome,,,CITDBase,,,,
CAPRIN2,0,0,na,mid,Proteome,,,CITDBase,,,,
CENPK,0,0,na,mid,Proteome,,,CITDBase,,,,
CETN1,0,0,na,mid,Proteome,,,CITDBase,,,,
CHST7,0,1,na,mid,Proteome,,,CITDBase,,,,
CIDEC,0,0,na,mid,Proteome,,,CITDBase,,,,
CST9L,0,1,na,mid,Proteome,,,CITDBase,,,,
CTAG1A,0,0,na,mid,Proteome,,,CITDBase,,,,
CTAG2,0,0,na,mid,Proteome,,,CITDBase,,,,
DCAF4L1,0,0,na,mid,Proteome,,,CITDBase,,,,
DCAF8L2,0,0,na,mid,Proteome,,,CITDBase,,,,
DEFB119,0,1,na,mid,Proteome,,,CITDBase,,,,
DMC1,1,1,na,mid,Proteome,,,CITDBase,,,,
DMRT1,0,1,na,mid,Proteome,,,CITDBase,,,,
DNAJB8,0,0,na,mid,Proteome,,,CITDBase,,,,
DSCC1,0,0,na,mid,Proteome,,,CITDBase,,,,
DSEL,0,0,na,mid,Proteome,,,CITDBase,,,,
EFHC1,0,0,na,mid,Proteome,,,CITDBase,,,,
ETNK2,0,1,na,mid,Proteome,,,CITDBase,,,,
FAM122B,0,0,na,mid,Proteome,,,CITDBase,,,,
FAM127B,0,0,na,mid,Proteome,,,CITDBase,,,,
FAM209A,0,0,na,mid,Proteome,,,CITDBase,,,,
FAM209B,0,0,na,mid,Proteome,,,CITDBase,,,,
FAM219B,0,0,na,mid,Proteome,,,CITDBase,,,,
FAM71A,0,0,na,mid,Proteome,,,CITDBase,,,,
FAM92A1,0,0,na,mid,Proteome,,,CITDBase,,,,
FMR1NB,0,0,na,mid,Proteome,,,CITDBase,,,,
FNDC8,0,0,na,mid,Proteome,,,CITDBase,,,,
GLIPR1L1,0,1,na,mid,Proteome,,,CITDBase,,,,
GMNN,0,1,na,mid,Proteome,,,CITDBase,,,,
GSTO2,0,1,na,mid,Proteome,,,CITDBase,,,,
GTSF1L,0,0,na,mid,Proteome,,,CITDBase,,,,
H3F3C,0,1,na,mid,Proteome,,,CITDBase,,,,
HAND1,0,1,na,mid,Proteome,,,CITDBase,,,,
HBEGF,0,1,na,mid,Proteome,,,CITDBase,,,,
HDGFL1,0,0,na,mid,Proteome,,,CITDBase,,,,
HMGB4,0,0,na,mid,Proteome,,,CITDBase,,,,
HS6ST2,0,0,na,mid,Proteome,,,CITDBase,,,,
HSD17B3,0,1,na,mid,Proteome,,,CITDBase,,,,
HSF5,0,0,na,mid,Proteome,,,CITDBase,,,,
IL1RAPL2,0,1,na,mid,Proteome,,,CITDBase,,,,
INSIG1,0,0,na,mid,Proteome,,,CITDBase,,,,
INSL3,1,1,na,mid,Proteome,,,CITDBase,,,,
KCNK17,0,1,na,mid,Proteome,,,CITDBase,,,,
LIN28A,0,0,na,mid,Proteome,,,CITDBase,,,,
LMO3,0,0,na,mid,Proteome,,,CITDBase,,,,
LRRC37B,0,0,na,mid,Proteome,,,CITDBase,,,,
LRRC42,0,0,na,mid,Proteome,,,CITDBase,,,,
LUZP4,0,0,na,mid,Proteome,,,CITDBase,,,,
LYPD4,0,0,na,mid,Proteome,,,CITDBase,,,,
LYZL4,0,1,na,mid,Proteome,,,CITDBase,,,,
MAEL,0,0,na,mid,Proteome,,,CITDBase,,,,
MAGEA9,0,0,na,mid,Proteome,,,CITDBase,,,,
MAGEB1,0,0,na,mid,Proteome,,,CITDBase,,,,
MMP28,0,1,na,mid,Proteome,,,CITDBase,,,,
MOSPD3,0,0,na,mid,Proteome,,,CITDBase,,,,
NAA11,0,0,na,mid,Proteome,,,CITDBase,,,,
NANOS3,1,1,na,mid,Proteome,,,CITDBase,,,,
NOBOX,1,0,na,mid,Proteome,,,CITDBase,,,,
ODF1,0,0,na,mid,Proteome,,,CITDBase,,,,
ODF3,0,0,na,mid,Proteome,,,CITDBase,,,,
OIP5,0,0,na,mid,Proteome,,,CITDBase,,,,
PABPC5,0,0,na,mid,Proteome,,,CITDBase,,,,
PAGE1,0,0,na,mid,Proteome,,,CITDBase,,,,
PAGE5,0,0,na,mid,Proteome,,,CITDBase,,,,
PCDHB5,0,0,na,mid,Proteome,,,CITDBase,,,,
PCDHGA11,0,0,na,mid,Proteome,,,CITDBase,,,,
PDCL2,0,0,na,mid,Proteome,,,CITDBase,,,,
PDHA2,0,0,na,mid,Proteome,,,CITDBase,,,,
PIGV,0,0,na,mid,Proteome,,,CITDBase,,,,
POU5F1,1,0,na,mid,Proteome,,,CITDBase,,,,
PPP1R2P9,0,1,na,mid,Proteome,,,CITDBase,,,,
PRM2,0,0,na,mid,Proteome,,,CITDBase,,,,
PRSS21,0,1,na,mid,Proteome,,,CITDBase,,,,
PRSS37,0,1,na,mid,Proteome,,,CITDBase,,,,
PRSS58,0,1,na,mid,Proteome,,,CITDBase,,,,
PSMA8,0,1,na,mid,Proteome,,,CITDBase,,,,
PTTG2,0,1,na,mid,Proteome,,,CITDBase,,,,
RBM46,0,0,na,mid,Proteome,,,CITDBase,,,,
RFX4,0,0,na,mid,Proteome,,,CITDBase,,,,
RIMS4,0,0,na,mid,Proteome,,,CITDBase,,,,
RMND5B,0,0,na,mid,Proteome,,,CITDBase,,,,
RNF150,0,0,na,mid,Proteome,,,CITDBase,,,,
RNFT2,0,0,na,mid,Proteome,,,CITDBase,,,,
ROPN1L,0,0,na,mid,Proteome,,,CITDBase,,,,
RSPH6A,0,0,na,mid,Proteome,,,CITDBase,,,,
RSPH9,0,0,na,mid,Proteome,,,CITDBase,,,,
SHCBP1L,0,0,na,mid,Proteome,,,CITDBase,,,,
SKA2,0,0,na,mid,Proteome,,,CITDBase,,,,
SLC2A14,0,1,na,mid,Proteome,,,CITDBase,,,,
SMRP1,0,0,na,mid,Proteome,,,CITDBase,,,,
SPA17,0,1,na,mid,Proteome,,,CITDBase,,,,
SPACA4,0,0,na,mid,Proteome,,,CITDBase,,,,
SPACA5,0,1,na,mid,Proteome,,,CITDBase,,,,
SPANXB1,0,0,na,mid,Proteome,,,CITDBase,,,,
SPATA19,0,0,na,mid,Proteome,,,CITDBase,,,,
SPATA22,1,1,na,mid,Proteome,,,CITDBase,,,,
SPINK2,0,1,na,mid,Proteome,,,CITDBase,,,,
SPINLW1,0,0,na,mid,Proteome,,,CITDBase,,,,
SSX2,0,0,na,mid,Proteome,,,CITDBase,,,,
SSX3,0,0,na,mid,Proteome,,,CITDBase,,,,
STRA8,0,0,na,mid,Proteome,,,CITDBase,,,,
SYCP3,0,0,na,mid,Proteome,,,CITDBase,,,,
TAF7L,0,1,na,mid,Proteome,,,CITDBase,,,,
TBC1D21,0,0,na,mid,Proteome,,,CITDBase,,,,
TCTEX1D2,0,0,na,mid,Proteome,,,CITDBase,,,,
TEX101,0,1,na,mid,Proteome,,,CITDBase,,,,
TMEM89,0,0,na,mid,Proteome,,,CITDBase,,,,
TOX3,0,0,na,mid,Proteome,,,CITDBase,,,,
TSPAN5,0,0,na,mid,Proteome,,,CITDBase,,,,
TSPYL6,0,0,na,mid,Proteome,,,CITDBase,,,,
WBP2NL,0,0,na,mid,Proteome,,,CITDBase,,,,
WDR34,0,0,na,mid,Proteome,,,CITDBase,,,,
WDR62,0,0,na,mid,Proteome,,,CITDBase,,,,
ZBTB46,0,0,na,mid,Proteome,,,CITDBase,,,,
ZDHHC11,0,0,na,mid,Proteome,,,CITDBase,,,,
ZDHHC4,0,0,na,mid,Proteome,,,CITDBase,,,,
ZMYND12,0,0,na,mid,Proteome,,,CITDBase,,,,
ZNRD1,0,0,na,mid,Proteome,,,CITDBase,,,,
ZPBP2,0,0,na,mid,Proteome,,,CITDBase,,,,
ZSCAN5D,0,0,na,mid,Proteome,,,CITDBase,,,,
ACE2,0,1,na,low,Proteome,,,CITDBase,,,,
ACR,0,1,na,low,Proteome,,,CITDBase,,,,
ACTL7B,0,0,na,low,Proteome,,,CITDBase,,,,
AKAP4,0,0,na,low,Proteome,,,CITDBase,,,,
ATP6V1E2,0,1,na,low,Proteome,,,CITDBase,,,,
ATXN1L,0,0,na,low,Proteome,,,CITDBase,,,,
BNC1,0,0,na,low,Proteome,,,CITDBase,,,,
C10orf120,0,0,na,low,Proteome,,,CITDBase,,,,
CKS2,1,1,na,low,Proteome,,,CITDBase,,,,
COPR5,0,0,na,low,Proteome,,,CITDBase,,,,
CRYBG3,0,0,na,low,Proteome,,,CITDBase,,,,
CXorf67,0,0,na,low,Proteome,,,CITDBase,,,,
DDX26B,0,0,na,low,Proteome,,,CITDBase,,,,
DDX4,0,0,na,low,Proteome,,,CITDBase,,,,
DDX43,0,0,na,low,Proteome,,,CITDBase,,,,
FAM205A,0,0,na,low,Proteome,,,CITDBase,,,,
FOXRED2,0,0,na,low,Proteome,,,CITDBase,,,,
GLB1L,0,0,na,low,Proteome,,,CITDBase,,,,
GTSF1,0,0,na,low,Proteome,,,CITDBase,,,,
HERC5,0,1,na,low,Proteome,,,CITDBase,,,,
HEXDC,0,0,na,low,Proteome,,,CITDBase,,,,
HIST1H2BA,0,0,na,low,Proteome,,,CITDBase,,,,
IQCB1,0,0,na,low,Proteome,,,CITDBase,,,,
JAKMIP2,0,0,na,low,Proteome,,,CITDBase,,,,
JSRP1,0,1,na,low,Proteome,,,CITDBase,,,,
KLHL1,0,1,na,low,Proteome,,,CITDBase,,,,
KRT74,0,0,na,low,Proteome,,,CITDBase,,,,
LCN9,0,1,na,low,Proteome,,,CITDBase,,,,
NXF3,0,0,na,low,Proteome,,,CITDBase,,,,
OTUB2,0,1,na,low,Proteome,,,CITDBase,,,,
PADI6,1,1,na,low,Proteome,,,CITDBase,,,,
PCDP1,0,0,na,low,Proteome,,,CITDBase,,,,
PIWIL1,0,0,na,low,Proteome,,,CITDBase,,,,
PRND,0,1,na,low,Proteome,,,CITDBase,,,,
PRSS50,0,1,na,low,Proteome,,,CITDBase,,,,
RBM44,0,0,na,low,Proteome,,,CITDBase,,,,
ROPN1,0,0,na,low,Proteome,,,CITDBase,,,,
12-Sep,0,1,na,low,Proteome,,,CITDBase,,,,
SLC25A31,0,1,na,low,Proteome,,,CITDBase,,,,
SLC26A10,0,1,na,low,Proteome,,,CITDBase,,,,
SPACA1,0,0,na,low,Proteome,,,CITDBase,,,,
SQLE,0,1,na,low,Proteome,,,CITDBase,,,,
SUV39H2,0,1,na,low,Proteome,,,CITDBase,,,,
TDRD10,0,0,na,low,Proteome,,,CITDBase,,,,
TEX33,0,0,na,low,Proteome,,,CITDBase,,,,
TKTL1,0,0,na,low,Proteome,,,CITDBase,,,,
TRAF5,0,0,na,low,Proteome,,,CITDBase,,,,
TSKS,0,0,na,low,Proteome,,,CITDBase,,,,
TUBG2,0,1,na,low,Proteome,,,CITDBase,,,,
ZNF192,0,0,na,low,Proteome,,,CITDBase,,,,
ZNF280C,0,0,na,low,Proteome,,,CITDBase,,,,
CHRNA5,0,1,low,mid,Proteome,,,CITDBase,,,,
PLA2G4D,0,1,low,mid,Proteome,,,CITDBase,,,,
RSPH1,0,0,low,mid,Proteome,,,CITDBase,,,,
TEKT2,0,0,low,mid,Proteome,,,CITDBase,,,,
TMEM190,0,0,low,mid,Proteome,,,CITDBase,,,,
UTF1,0,0,low,mid,Proteome,,,CITDBase,,,,
AC004080.3,0,0,low,na,RNA,,,CITDBase,,,,
AC007906.2,0,0,low,na,RNA,,,CITDBase,,,,
AC013470.2,0,0,low,na,RNA,,,CITDBase,,,,
AHSA1,0,0,low,na,RNA,,,CITDBase,,,,
AK8,0,1,low,na,RNA,,,CITDBase,,,,
AMIGO2,0,0,low,na,RNA,,,CITDBase,,,,
ANGPTL5,0,1,low,na,RNA,,,CITDBase,,,,
ANKMY1,0,0,low,na,RNA,,,CITDBase,,,,
ANKRD66,0,0,low,na,RNA,,,CITDBase,,,,
AP000812.5,0,0,low,na,RNA,,,CITDBase,,,,
APOBEC4,0,0,low,na,RNA,,,CITDBase,,,,
C11orf97,0,0,low,na,RNA,,,CITDBase,,,,
C16orf71,0,0,low,na,RNA,,,CITDBase,,,,
C1orf158,0,0,low,na,RNA,,,CITDBase,,,,
C1orf189,0,0,low,na,RNA,,,CITDBase,,,,
C20orf85,0,0,low,na,RNA,,,CITDBase,,,,
C22orf15,0,0,low,na,RNA,,,CITDBase,,,,
C7,0,1,low,na,RNA,,,CITDBase,,,,
C9orf116,0,0,low,na,RNA,,,CITDBase,,,,
CABCOCO1,0,0,low,na,RNA,,,CITDBase,,,,
CACYBP,0,0,low,na,RNA,,,CITDBase,,,,
CATIP,0,0,low,na,RNA,,,CITDBase,,,,
CCDC103,0,0,low,na,RNA,,,CITDBase,,,,
CCDC113,0,0,low,na,RNA,,,CITDBase,,,,
CCDC187,0,0,low,na,RNA,,,CITDBase,,,,
CCDC78,0,0,low,na,RNA,,,CITDBase,,,,
CCDC96,0,0,low,na,RNA,,,CITDBase,,,,
CDHR4,0,0,low,na,RNA,,,CITDBase,,,,
CES4A,0,1,low,na,RNA,,,CITDBase,,,,
CFAP206,1,0,low,na,RNA,,,CITDBase,,,,
CFAP221,0,0,low,na,RNA,,,CITDBase,,,,
CFAP45,0,0,low,na,RNA,,,CITDBase,,,,
CFAP57,0,0,low,na,RNA,,,CITDBase,,,,
CFAP77,0,0,low,na,RNA,,,CITDBase,,,,
CFAP97D2,0,0,low,na,RNA,,,CITDBase,,,,
CHORDC1,0,1,low,na,RNA,,,CITDBase,,,,
CLSTN2,0,1,low,na,RNA,,,CITDBase,,,,
CNGA4,0,1,low,na,RNA,,,CITDBase,,,,
COL1A2,0,1,low,na,RNA,,,CITDBase,,,,
COL5A1,0,1,low,na,RNA,,,CITDBase,,,,
CPZ,0,1,low,na,RNA,,,CITDBase,,,,
DCDC2B,0,0,low,na,RNA,,,CITDBase,,,,
DKK2,0,1,low,na,RNA,,,CITDBase,,,,
DNAAF3,0,0,low,na,RNA,,,CITDBase,,,,
DNAH3,0,0,low,na,RNA,,,CITDBase,,,,
DNAH9,0,0,low,na,RNA,,,CITDBase,,,,
DNAI2,0,1,low,na,RNA,,,CITDBase,,,,
DNAJA1,0,1,low,na,RNA,,,CITDBase,,,,
DNAJB1,0,0,low,na,RNA,,,CITDBase,,,,
DNAJB13,0,0,low,na,RNA,,,CITDBase,,,,
DNAJB4,0,0,low,na,RNA,,,CITDBase,,,,
DNALI1,0,0,low,na,RNA,,,CITDBase,,,,
DRC3,0,0,low,na,RNA,,,CITDBase,,,,
DYDC2,0,1,low,na,RNA,,,CITDBase,,,,
DYNLRB2,0,0,low,na,RNA,,,CITDBase,,,,
EFCAB1,0,0,low,na,RNA,,,CITDBase,,,,
EFCAB10,0,0,low,na,RNA,,,CITDBase,,,,
EFCAB13,0,0,low,na,RNA,,,CITDBase,,,,
EFHB,0,0,low,na,RNA,,,CITDBase,,,,
ENKUR,0,0,low,na,RNA,,,CITDBase,,,,
FAM167B,0,0,low,na,RNA,,,CITDBase,,,,
FAM183A,0,0,low,na,RNA,,,CITDBase,,,,
FAM187A,0,0,low,na,RNA,,,CITDBase,,,,
FAM81B,0,0,low,na,RNA,,,CITDBase,,,,
FAM92B,0,0,low,na,RNA,,,CITDBase,,,,
FBXO21,0,0,low,na,RNA,,,CITDBase,,,,
FKBP4,1,1,low,na,RNA,,,CITDBase,,,,
FOXJ1,0,0,low,na,RNA,,,CITDBase,,,,
FOXL2NB,0,1,low,na,RNA,,,CITDBase,,,,
GAS2L2,0,0,low,na,RNA,,,CITDBase,,,,
GREB1,0,0,low,na,RNA,,,CITDBase,,,,
HOXA11,1,1,low,na,RNA,,,CITDBase,,,,
HOXA13,1,0,low,na,RNA,,,CITDBase,,,,
HOXD11,0,0,low,na,RNA,,,CITDBase,,,,
HSP90AA1,0,1,low,na,RNA,,,CITDBase,,,,
HSPA1A,0,1,low,na,RNA,,,CITDBase,,,,
HSPA1B,0,1,low,na,RNA,,,CITDBase,,,,
HSPA1L,0,0,low,na,RNA,,,CITDBase,,,,
HSPH1,0,1,low,na,RNA,,,CITDBase,,,,
IFT46,0,0,low,na,RNA,,,CITDBase,,,,
IL19,0,1,low,na,RNA,,,CITDBase,,,,
KCNG1,0,1,low,na,RNA,,,CITDBase,,,,
KCNRG,0,1,low,na,RNA,,,CITDBase,,,,
LDLRAD1,0,0,low,na,RNA,,,CITDBase,,,,
LEFTY2,0,1,low,na,RNA,,,CITDBase,,,,
LPAR3,0,1,low,na,RNA,,,CITDBase,,,,
LRRC17,0,1,low,na,RNA,,,CITDBase,,,,
LRRC23,0,0,low,na,RNA,,,CITDBase,,,,
LRRC43,0,0,low,na,RNA,,,CITDBase,,,,
LRRC46,0,0,low,na,RNA,,,CITDBase,,,,
LRTOMT,0,1,low,na,RNA,,,CITDBase,,,,
LYPD1,0,0,low,na,RNA,,,CITDBase,,,,
MAP3K11,0,1,low,na,RNA,,,CITDBase,,,,
MICB,0,1,low,na,RNA,,,CITDBase,,,,
MMP10,0,1,low,na,RNA,,,CITDBase,,,,
MORN5,0,0,low,na,RNA,,,CITDBase,,,,
MSX1,0,1,low,na,RNA,,,CITDBase,,,,
MUC16,0,1,low,na,RNA,,,CITDBase,,,,
MUM1L1,0,0,low,na,RNA,,,CITDBase,,,,
NDP,0,1,low,low,RNA,,,CITDBase,,,,
NHLRC4,0,0,low,na,RNA,,,CITDBase,,,,
NME9,0,1,low,na,RNA,,,CITDBase,,,,
OBP2A,0,1,low,na,RNA,,,CITDBase,,,,
OSCP1,0,0,low,na,RNA,,,CITDBase,,,,
OSR2,0,0,low,na,RNA,,,CITDBase,,,,
PCDH11X,0,0,low,na,RNA,,,CITDBase,,,,
PIH1D3,0,0,low,na,RNA,,,CITDBase,,,,
PROK1,0,1,low,na,RNA,,,CITDBase,,,,
PRPS2,0,1,low,na,RNA,,,CITDBase,,,,
PRR29,0,1,low,na,RNA,,,CITDBase,,,,
RAP2C,0,1,low,na,RNA,,,CITDBase,,,,
REM1,0,1,low,na,RNA,,,CITDBase,,,,
RNF122,0,0,low,na,RNA,,,CITDBase,,,,
RSPH10B2,0,0,low,na,RNA,,,CITDBase,,,,
RSPO1,1,1,low,na,RNA,,,CITDBase,,,,
SAXO2,0,0,low,na,RNA,,,CITDBase,,,,
SCGB1D2,0,1,low,na,RNA,,,CITDBase,,,,
SERPINH1,0,1,low,na,RNA,,,CITDBase,,,,
SERTM2,0,0,low,na,RNA,,,CITDBase,,,,
SIGLEC11,0,1,low,na,RNA,,,CITDBase,,,,
SLC15A2,0,1,low,na,RNA,,,CITDBase,,,,
SNCAIP,0,0,low,na,RNA,,,CITDBase,,,,
SNTN,0,0,low,na,RNA,,,CITDBase,,,,
SOX3,0,0,low,na,RNA,,,CITDBase,,,,
SPACA9,0,0,low,na,RNA,,,CITDBase,,,,
SPATA18,0,0,low,na,RNA,,,CITDBase,,,,
STIP1,0,0,low,na,RNA,,,CITDBase,,,,
STMND1,0,0,low,na,RNA,,,CITDBase,,,,
STOML3,0,0,low,na,RNA,,,CITDBase,,,,
STX18,0,0,low,na,RNA,,,CITDBase,,,,
TCF23,0,0,low,na,RNA,,,CITDBase,,,,
TCTE1,0,0,low,na,RNA,,,CITDBase,,,,
TEKT1,0,0,low,na,RNA,,,CITDBase,,,,
THEGL,0,0,low,na,RNA,,,CITDBase,,,,
TMEM200A,0,0,low,na,RNA,,,CITDBase,,,,
TMEM260,0,0,low,na,RNA,,,CITDBase,,,,
TPPP3,0,0,low,na,RNA,,,CITDBase,,,,
TTC16,0,0,low,na,RNA,,,CITDBase,,,,
TTC25,0,0,low,na,RNA,,,CITDBase,,,,
TTC28,0,1,low,na,RNA,,,CITDBase,,,,
TTLL10,0,0,low,na,RNA,,,CITDBase,,,,
TUBA4B,0,1,low,na,RNA,,,CITDBase,,,,
UBXN10,0,0,low,na,RNA,,,CITDBase,,,,
VWA3B,0,1,low,na,RNA,,,CITDBase,,,,
WDR38,0,0,low,na,RNA,,,CITDBase,,,,
WDR54,0,0,low,na,RNA,,,CITDBase,,,,
WDR77,0,0,low,na,RNA,,,CITDBase,,,,
ZMYND10,0,0,low,na,RNA,,,CITDBase,,,,
